user_id,event_date,to_ord,b_t,lam_pers_gp,lam_joint_hawkes
47946,2025-01-15,0.0,0.1067262925185077,4.360733440158316,1.4030751757374238
47946,2025-01-16,0.0,0.10561243185086525,4.31522216691491,1.3446878666405357
47946,2025-01-17,0.0,0.09707412309857011,3.9663551012658984,1.2666249671600922
47946,2025-01-18,4.0,0.09589920967339277,3.9183492711976116,1.1866393688429946
47946,2025-01-19,0.0,0.10341121099303659,4.225282404393479,1.390408308505608
47946,2025-01-20,0.0,0.09787684242771869,3.999153439323717,1.2538950121883201
47946,2025-01-21,0.0,0.09673308929409177,3.9524207887331624,1.1860830757137308
47946,2025-01-22,12.0,0.09439588364534625,3.856924818728919,1.1252583523400603
47946,2025-01-23,0.0,0.09448860943101255,3.8607135049540107,1.6958953744504166
47946,2025-01-24,0.0,0.08205957686580384,3.3528752145297145,1.3679413628925716
47946,2025-01-25,0.0,0.0832543116217372,3.401690925067158,1.248125563748935
47946,2025-01-26,0.0,0.09077553012122591,3.709000663347162,1.234094236218753
47946,2025-01-27,9.0,0.08733863346627001,3.568572378807666,1.1582912603772275
47946,2025-01-28,0.0,0.08977453482994904,3.668100960592519,1.912064242010837
47946,2025-01-29,0.0,0.08948965529718211,3.656461057475506,1.5987938253269134
47946,2025-01-30,0.0,0.08886449045568094,3.630917424640395,1.383412240438529
47946,2025-01-31,0.0,0.08232449656596436,3.3636995781254644,1.2801799224759982
47946,2025-02-01,3.0,0.08265051712477652,3.3770204639113612,1.1596066685954218
47946,2025-02-02,0.0,0.09142996411009986,3.7357402053317577,1.3656668148530429
47946,2025-02-03,0.0,0.08486530179586321,3.4675144307685253,1.1887420148670649
47946,2025-02-04,5.0,0.08732347651466414,3.567953080374648,1.1293312705423872
47946,2025-02-05,0.0,0.08641726393154443,3.5309261077154313,1.297317764543327
47946,2025-02-06,10.0,0.08770091105736413,3.5833746919849014,1.3393303571082127
47946,2025-02-07,0.0,0.07991355261067426,3.2651907319912477,1.6642391346994547
47946,2025-02-08,8.0,0.08334487889218335,3.4053914164409207,1.4592384524484403
47946,2025-02-09,0.0,0.09137554513401865,3.733516698422854,1.9908420358966894
47946,2025-02-10,1.0,0.08918424690086318,3.643982364781275,1.6580256367421689
47946,2025-02-11,0.0,0.09340425089293251,3.8164076602877888,1.5469285404107191
47946,2025-02-12,4.0,0.09349246087788811,3.8200118352485655,1.404072697345692
47946,2025-02-13,0.0,0.09614914341738191,3.928561323068976,1.4848781606308394
47946,2025-02-14,0.0,0.08981813960224296,3.66988260955835,1.3188091653109497
47946,2025-02-15,0.0,0.09211567604579131,3.763757734074891,1.252962742285383
47946,2025-02-16,0.0,0.10207248929653218,4.170583526251526,1.2900716464196198
47946,2025-02-17,8.0,0.098416017921333,4.0211836302882356,1.202041782651014
47946,2025-02-18,0.0,0.10076167365704855,4.1170248627011405,1.5066929516621583
47946,2025-02-19,0.0,0.09988939793209388,4.0813845173552314,1.3873781575515445
47946,2025-02-20,0.0,0.10046951402285835,4.105087501657172,1.3300676956359836
47946,2025-02-21,0.0,0.09137471509101135,3.733482783665644,1.1778175425545632
47946,2025-02-22,1.0,0.09399607052036947,3.840588839817274,1.1561563061621358
47946,2025-02-23,0.0,0.10387538487115255,4.244248101641861,1.2776380125433997
47946,2025-02-24,3.0,0.0971922687518654,3.9711824187804163,1.1580848339653673
47946,2025-02-25,0.0,0.09776331430385958,3.994514789611183,1.2521068459928955
47946,2025-02-26,0.0,0.09960418676621484,4.069731064028914,1.2223759478200158
47946,2025-02-27,0.0,0.10309630397433442,4.212415607144273,1.213125387413773
47946,2025-02-28,1.0,0.09391587271366662,3.837312034737065,1.1127212138784521
47946,2025-03-01,0.0,0.09601336377608408,3.9230134978018563,1.1372478978279255
47946,2025-03-02,0.0,0.10474792825942096,4.279899383452772,1.1939720018425652
47946,2025-03-03,0.0,0.10345832835400934,4.227207574346986,1.1737887052276597
47946,2025-03-04,0.0,0.10920378828918824,4.461961529320918,1.211513600418094
47946,2025-03-05,0.0,0.10798799036838104,4.412285198169252,1.1954155695104
47946,2025-03-06,0.0,0.10797311564232089,4.4116774311999984,1.1830890037751642
47946,2025-03-07,0.0,0.0980459365471733,4.006062462056911,1.0621310582597678
47946,2025-03-08,0.0,0.09896809660423708,4.04374103312991,1.0599865500233352
47946,2025-03-09,0.0,0.1042434922979953,4.259288616288478,1.1066963320463907
47946,2025-03-10,0.0,0.09770372394884443,3.9920799851436666,1.0330731388713454
47946,2025-03-11,0.0,0.10057955262583086,4.109583572909786,1.0719343197523115
47946,2025-03-12,0.0,0.09748796892602576,3.983264442874883,1.0305507464106445
47946,2025-03-13,0.0,0.09790705222316272,4.000387782446714,1.0292712992635094
47946,2025-03-14,2.0,0.08964130509992946,3.662657322242401,0.9398953129116099
47946,2025-03-15,0.0,0.09478478241271077,3.872814847508741,1.0849379205148595
47946,2025-03-16,0.0,0.10980082287366948,4.4863557869686,1.2124137655848848
47946,2025-03-17,0.0,0.10616753904951766,4.337903311990913,1.155933372666319
47946,2025-03-18,0.0,0.10616366605730979,4.337745065262428,1.1472845640959162
47946,2025-03-19,34.0,0.10640144154971354,4.347460342693202,1.1383175342657277
47946,2025-03-20,15.0,0.10796665821737667,4.411413587041009,2.902635492619166
47946,2025-03-21,1.0,0.0986416535591064,4.030402884960267,2.988860567646759
47946,2025-03-22,0.0,0.09776608001428287,3.9946277938732444,2.5032935877791274
47946,2025-03-23,0.0,0.10515894578600399,4.296693163414265,2.213550316368434
47946,2025-03-24,0.0,0.09905831255121925,4.04742716976557,1.8890504092366216
47946,2025-03-25,0.0,0.10166709541348906,4.154019522944513,1.723661566825895
47946,2025-03-26,0.0,0.10085505393197025,4.1208402907263535,1.5831613488667067
47946,2025-03-27,0.0,0.09913168213914353,4.050424980408122,1.4696581926156358
47946,2025-03-28,0.0,0.08858529448371312,3.6195097463393195,1.2601560961825675
47946,2025-03-29,0.0,0.08964849443331753,3.6629510714749287,1.1963328660563435
47946,2025-03-30,0.0,0.0960839462451323,3.9258974294536015,1.205983060321184
47946,2025-03-31,4.0,0.09210490637530734,3.763317695719668,1.1204745098033069
47946,2025-04-01,32.0,0.09367006745556909,3.8272686688198356,1.2981032958558916
47946,2025-04-02,0.0,0.09408933992784,3.8443997379052957,2.5518301643032935
47946,2025-04-03,0.0,0.09689218074736072,3.958921112167456,2.177350301368757
47946,2025-04-04,12.0,0.08928840442795137,3.6482381409419515,1.8174114276978166
47946,2025-04-05,0.0,0.09140320754158943,3.7346469577327452,2.1971466122742287
47946,2025-04-06,1.0,0.10140859067077647,4.143457268326788,1.99251786581954
47946,2025-04-07,24.0,0.096247487109275,3.932579551527464,1.757764922907424
47946,2025-04-08,0.0,0.09868901283391074,4.032337939279756,2.9724283965595215
47946,2025-04-09,0.0,0.09554162706208168,3.9037387903688785,2.3870540216358256
47946,2025-04-10,4.0,0.09507043198680191,3.8844862137720284,2.0321411352450127
47946,2025-04-11,2.0,0.08731758162412098,3.5677122208290664,1.8765108509835056
47946,2025-04-12,2.0,0.09092583247277164,3.7151418725567504,1.788858010249547
47946,2025-04-13,0.0,0.09954475617643022,4.067302787414722,1.7657694465455422
47946,2025-04-14,26.0,0.0954275953735867,3.899079565490702,1.5687211931748613
47946,2025-04-15,9.0,0.09952920624265353,4.066667432108995,2.4894759581632426
47946,2025-04-16,0.0,0.10051581431845309,4.106979287106893,2.607422799218474
47946,2025-04-17,5.0,0.1036719472334215,4.235935835855182,2.2539467005403084
47946,2025-04-18,17.0,0.09506659783121645,3.884329553870501,2.2245696172030938
47946,2025-04-19,7.0,0.09687033429001618,3.9580284869778866,2.587575772752005
47946,2025-04-20,0.0,0.10559735625678426,4.314606192671939,2.6381649607302435
47946,2025-04-21,0.0,0.0995568326950249,4.067796222324095,2.2032506495876474
47946,2025-04-22,0.0,0.10054473431539669,4.108160930306383,1.9450983902948698
47946,2025-04-23,43.0,0.10012079985640705,4.090839376937226,1.7588678802733915
47946,2025-04-24,4.0,0.1024118024747934,4.18444753565552,3.33167745386272
47946,2025-04-25,5.0,0.09295280211183954,3.7979618982382033,2.877694532294468
47946,2025-04-26,7.0,0.09604483778545161,3.9242994954872072,2.702276577803141
47946,2025-04-27,1.0,0.1058512072345129,4.3249782989381265,2.7461975675199692
47946,2025-04-28,15.0,0.10161231961606221,4.151781436659363,2.356595556820171
47946,2025-04-29,0.0,0.10481458082453912,4.28262274301792,2.698704646773261
47946,2025-04-30,37.0,0.10425601555655023,4.259800304562019,2.326847139906444
47946,2025-05-01,6.0,0.10450902006372775,4.2701378248573905,3.504440555141505
47946,2025-05-02,0.0,0.09655052692279587,3.944961466211614,3.271097679168461
47946,2025-05-03,0.0,0.09732550628769382,3.976626376068359,2.719261095572067
47946,2025-05-04,0.0,0.1054967177272307,4.310494199358609,2.4055730313666044
47946,2025-05-05,0.0,0.10080545800772536,4.118813849066603,2.063546191474593
47946,2025-05-06,0.0,0.1029339758009657,4.205783034446537,1.8642839814154137
47946,2025-05-07,22.0,0.0997791685009778,4.076880649048608,1.6615907071306364
47946,2025-05-08,11.0,0.1009239473166874,4.123655208020419,2.3861363651512937
47946,2025-05-09,9.0,0.09039315716648516,3.6933772729809973,2.5699110028172476
47946,2025-05-10,4.0,0.09019585674727726,3.6853157680275865,2.6179443561335933
47946,2025-05-11,1.0,0.09807980457823268,4.007446277161023,2.5507183161757947
47946,2025-05-12,0.0,0.0929119224623087,3.7962915951617595,2.1909635780004555
47946,2025-05-13,8.0,0.09621937892412769,3.9314310781754758,1.9334535713669596
47946,2025-05-14,9.0,0.0970029301322546,3.9634462252842626,2.1466288817483146
47946,2025-05-15,37.0,0.09616449117097652,3.9291884174873424,2.226474586175061
47946,2025-05-16,7.0,0.09121346622538233,3.7268943104418217,3.466471506739084
47946,2025-05-17,0.0,0.09575004205154669,3.912254425949799,3.1792951817184614
47946,2025-05-18,0.0,0.10595983225130347,4.329416612421884,2.7584491628391223
47946,2025-05-19,0.0,0.10456740330858291,4.272523307967288,2.3638332771714143
47946,2025-05-20,7.0,0.10946839406413218,4.4727730662349074,2.131940708499849
47946,2025-05-21,0.0,0.10964981959558846,4.480185938576395,2.195091191632197
47946,2025-05-22,10.0,0.1128497285268168,4.610931133153906,1.9934423681942657
47946,2025-05-23,37.0,0.10016772732577398,4.092756788102754,2.086768116509301
47946,2025-05-24,1.0,0.10265504353976856,4.194386131113364,3.326653319545745
47946,2025-05-25,10.0,0.11219738866359372,4.584277155124903,2.9262795810278477
47946,2025-05-26,0.0,0.10629648110406584,4.343171760054107,3.032274185180327
47946,2025-05-27,0.0,0.1071425874253445,4.377742848790177,2.5637734204444738
47946,2025-05-28,0.0,0.10640535630047813,4.347620295636063,2.2213798102541458
47946,2025-05-29,12.0,0.1073051604464337,4.384385425729766,1.9837451894844529
47946,2025-05-30,10.0,0.10159723016333937,4.1511648961656435,2.3310729805060832
47946,2025-05-31,6.0,0.10324955775122632,4.218677408748663,2.4311909446706723
47946,2025-06-01,0.0,0.11288029227133142,4.6121799382947595,2.525617654278478
47946,2025-06-02,0.0,0.10536499438741413,4.305112110660196,2.1129246144329747
47946,2025-06-03,23.0,0.10748926443416237,4.391907737212812,1.8969931987999036
47946,2025-06-04,1.0,0.10659106635125526,4.3552082293072045,2.978266541877255
47946,2025-06-05,28.0,0.1071684363178807,4.37879900962378,2.5711768879108177
47946,2025-06-06,0.0,0.09737952226317237,3.978833416761085,3.1687160960340135
47946,2025-06-07,1.0,0.09989091239355578,4.081446396790794,2.675947710615603
47946,2025-06-08,5.0,0.10980737763223056,4.486623608085356,2.435417829397382
47946,2025-06-09,29.0,0.1060051358957193,4.331267675665095,2.435798542027034
47946,2025-06-10,1.0,0.10836687494912801,4.4277660569364325,3.245385183525337
47946,2025-06-11,0.0,0.1073368888987715,4.385681819709627,2.7731721389022805
47946,2025-06-12,0.0,0.10984302853030171,4.488080269417085,2.4675243779684664
47946,2025-06-13,0.0,0.09852207835131774,4.025517157227081,2.047638898705941
47946,2025-06-14,0.0,0.10069291626624496,4.114215501987301,1.844419240872837
47946,2025-06-15,0.0,0.11223758062229176,4.585919359816775,1.792185975927226
47946,2025-06-16,1.0,0.10797229389663497,4.411643855463343,1.6149313898778117
47946,2025-06-17,8.0,0.11102927179642037,4.536549025865542,1.5855029720190772
47946,2025-06-18,2.0,0.10946797678978777,4.4727560168074,1.9235732594104165
47946,2025-06-19,0.0,0.1111427314323214,4.541184877226123,1.8284073578047282
47946,2025-06-20,21.0,0.10047919827928306,4.105483191040151,1.5458302392286585
47946,2025-06-21,0.0,0.10409174532789528,4.253088381357211,2.4433231757357055
47946,2025-06-22,12.0,0.11311334920407207,4.621702419925859,2.17496300874081
47946,2025-06-23,0.0,0.10750184590983147,4.392421804181524,2.4508661254162227
47946,2025-06-24,29.0,0.11109382532203008,4.5391866206996125,2.14530523512457
47946,2025-06-25,5.0,0.11079959081370516,4.527164482298445,3.055754058515215
47946,2025-06-26,4.0,0.11214816529417314,4.582265935696173,2.8299303086152623
47946,2025-06-27,17.0,0.10567175740761706,4.317646151980622,2.6271523996620854
47946,2025-06-28,0.0,0.10684399109605158,4.365542490588562,2.9450699790760844
47946,2025-06-29,12.0,0.11852673036563198,4.842887956296325,2.632011321666439
47946,2025-06-30,0.0,0.11298486598375611,4.616452719387129,2.8419245998559877
47946,2025-07-01,3.0,0.11568062436654467,4.726598808499844,2.4641668959787304
47946,2025-07-02,6.0,0.11372128137759223,4.64654194255762,2.267057704919632
47946,2025-07-03,3.0,0.11379775316519741,4.649666506088963,2.261022028135994
47946,2025-07-04,18.0,0.10225551447048373,4.178061758443494,2.017864802644771
47946,2025-07-05,0.0,0.10513715497034118,4.295802811690179,2.538324065748395
47946,2025-07-06,0.0,0.11351771045411563,4.638224230843852,2.291195926775163
47946,2025-07-07,8.0,0.10809283028728052,4.4165688562015895,2.0306245223884165
47946,2025-07-08,0.0,0.11133931590009641,4.5492171290940835,2.3489689787978203
47946,2025-07-09,2.0,0.1111783406970497,4.5426398374595935,2.0489211691886546
47946,2025-07-10,0.0,0.11333256700725766,4.630659448062705,1.9391285550699804
47946,2025-07-11,16.0,0.10365621011271954,4.2352928322721155,1.6579660069388313
47946,2025-07-12,0.0,0.10676760971137102,4.362421620833582,2.174001870164789
47946,2025-07-13,0.0,0.11885094941056025,4.856135233961384,2.0501508447886967
47946,2025-07-14,0.0,0.11359514682902555,4.641388206482711,1.8124470163970665
47946,2025-07-15,0.0,0.11818475299085571,4.828915090390711,1.7220447656687
47946,2025-07-16,0.0,0.11889607443860736,4.857978999111935,1.623538050049118
47946,2025-07-17,0.0,0.12084695959734285,4.93769028626389,1.5615752173553616
47946,2025-07-18,1.0,0.11008592540549099,4.498004801612038,1.385561891914373
47946,2025-07-19,0.0,0.1123752856431604,4.591545854237308,1.4146007499863096
47946,2025-07-20,0.0,0.12315483072020718,5.031987675815813,1.4691513039866901
47946,2025-07-21,0.0,0.11749761019473708,4.800839098069711,1.367987291253649
47946,2025-07-22,0.0,0.11998408001121656,4.902433858093687,1.3616208064587456
47946,2025-07-23,0.0,0.11898403830327517,4.861573117834984,1.3353124155266125
47946,2025-07-24,0.0,0.11765734052440119,4.807365525377706,1.2982068497937347
47946,2025-07-25,1.0,0.10684340968734987,4.365518734789423,1.1820257555447393
47946,2025-07-26,0.0,0.10813974134723038,4.418485596894153,1.214578921695981
47946,2025-07-27,0.0,0.1161992333197031,4.747788670445168,1.3068161291941323
47946,2025-07-28,2.0,0.11084143466056619,4.528874181548422,1.223102328701781
47946,2025-07-29,44.0,0.11285152981820856,4.611004732183931,1.2972690797694746
47946,2025-07-30,0.0,0.111973699410623,4.575137427859813,2.9691164184866508
47946,2025-07-31,2.0,0.11381993542573376,4.650572851873272,2.582737653582922
47946,2025-08-01,2.0,0.10268982408365401,4.195807230611989,2.273563699939733
47946,2025-08-02,0.0,0.10506073798403646,4.292680487287153,2.1075796634007684
47946,2025-08-03,0.0,0.11617511328591175,4.746803149113455,1.988066495941069
47946,2025-08-04,6.0,0.11141175532216176,4.552176934056214,1.76914698166879
47946,2025-08-05,0.0,0.11394759733366273,4.655788994379522,1.9074241781263226
47946,2025-08-06,0.0,0.11467584239827505,4.685544385773208,1.83607398237726
47946,2025-08-07,1.0,0.11903194329352225,4.8635304695614545,1.7217330945051146
47946,2025-08-08,0.0,0.11147439162512435,4.554736193020911,1.5680045792910497
47946,2025-08-09,0.0,0.11462181699259458,4.6833369597715215,1.507887499328994
47946,2025-08-10,4.0,0.12535893734240386,5.122045347887769,1.5496657060075654
47946,2025-08-11,25.0,0.12071543770732289,4.932316428609991,1.6053803983556256
47946,2025-08-12,1.0,0.12618398122756544,5.155755845785917,2.7013089160087613
47946,2025-08-13,0.0,0.12427253250808255,5.077655893529529,2.398105868824583
47946,2025-08-14,30.0,0.1257685731947428,5.138782673971428,2.1352601098568944
47946,2025-08-15,3.0,0.11602187513771854,4.740541986082628,2.9993518981887974
47946,2025-08-16,9.0,0.12049626474604935,4.92336123267045,2.741625430707995
47946,2025-08-17,0.0,0.13361986262077719,5.459578792158822,2.9629315380997427
47946,2025-08-18,10.0,0.12713745609930605,5.19471391000265,2.519178825038848
47946,2025-08-19,7.0,0.13179579193785135,5.38504902225355,2.706175099765455
47946,2025-08-20,0.0,0.1320468775152452,5.395308136927592,2.6607229621616124
47946,2025-08-21,0.0,0.13443135103699747,5.492735426661976,2.3945235100531024
47946,2025-08-22,13.0,0.12352550074243442,5.047132895639787,2.0627939602353744
47946,2025-08-23,0.0,0.12606351166142107,5.150833575432377,2.4349852978781223
47946,2025-08-24,0.0,0.1420603246780588,5.804447936162794,2.343648577835908
47946,2025-08-25,11.0,0.13816305630806214,5.645209307093312,2.1114009121503314
47946,2025-08-26,7.0,0.13980598795137414,5.7123379104376335,2.5142934483866703
47946,2025-08-27,5.0,0.14031774865445787,5.7332479594858485,2.7304043357277656
47946,2025-08-28,0.0,0.1393060959245338,5.691912804060653,2.5887449646678506
47946,2025-08-29,11.0,0.12694709738067675,5.186936036243862,2.169462196019658
47946,2025-08-30,0.0,0.13060243527166843,5.336289619134986,2.418651651414255
47946,2025-08-31,0.0,0.14086242684852834,5.755502985487021,2.278529512878829
47946,2025-09-01,2.0,0.13247843629973535,5.4129412128877075,2.0094193544800527
47946,2025-09-02,0.0,0.13327338218439266,5.44542193549634,1.9651841417248646
47946,2025-09-03,0.0,0.12837159016290206,5.245139438274687,1.7858000343634821
47946,2025-09-04,10.0,0.13069135739334295,5.339922891315678,1.7120939841373077
47946,2025-09-05,6.0,0.11697184101121862,4.779356676013533,2.0132274553258576
47946,2025-09-06,16.0,0.11715947603265883,4.787023262130513,2.239905803677062
47946,2025-09-07,0.0,0.12687877934689581,5.1841446272344776,2.791545126285616
47946,2025-09-08,0.0,0.12077497747765789,4.934749166236234,2.3252796087300496
47946,2025-09-09,24.0,0.1244786650746179,5.086078271509542,2.093258398909392
47946,2025-09-10,46.0,0.12245655981268423,5.003456999589082,2.864173691501415
47946,2025-09-11,0.0,0.12359111976649989,5.04981402571374,4.507732080881439
47946,2025-09-12,29.0,0.11493865659865823,4.696282720677521,3.635719793257331
47946,2025-09-13,5.0,0.11929667916750226,4.874347322196657,4.526000653975969
47946,2025-09-14,4.0,0.1316839363891619,5.380478712350273,4.1128395736281345
47946,2025-09-15,0.0,0.12736068847825033,5.2038349698353965,3.5407039908820126
47946,2025-09-16,0.0,0.13083822758720015,5.345923865870327,3.0533532657972104
47946,2025-09-17,0.0,0.13245318827384453,5.411909602886067,2.6874974816126027
47946,2025-09-18,9.0,0.1326688871263868,5.420722850091499,2.4024730703374626
47946,2025-09-19,13.0,0.11951915008913809,4.883437269617739,2.406557169184759
47946,2025-09-20,0.0,0.1216323007401777,4.969778568379548,2.763626525029716
47946,2025-09-21,3.0,0.13293354516320222,5.431536522375182,2.5188425593339945
47946,2025-09-22,5.0,0.12642383263038076,5.165555942915162,2.437322758460142
47946,2025-09-23,0.0,0.13195301231968004,5.391472895512297,2.495652639501122
47946,2025-09-24,0.0,0.13150847828564932,5.373309663362636,2.2029149511667105
47946,2025-09-25,7.0,0.13475312968071756,5.50588299188594,2.035798266447808
47946,2025-09-26,5.0,0.12374638873037062,5.056158165915672,2.154051473961265
47946,2025-09-27,0.0,0.1255907720876624,5.131517892116402,2.2097404744343248
47946,2025-09-28,0.0,0.13904169896935994,5.681109799321191,2.116026036572164
47946,2025-09-29,35.0,0.13363569422059976,5.460225656067689,1.9023319087260726
47946,2025-09-30,4.0,0.13641546514463906,5.573804416637264,3.1987398784244596
238812,2025-01-15,0.0,0.1067262925185077,0.033327283134962506,0.052332054343677714
238812,2025-01-16,0.0,0.10561243185086525,0.032979459286054974,0.04504096064522273
238812,2025-01-17,0.0,0.09707412309857011,0.030313212510621242,0.0380182355625297
238812,2025-01-18,0.0,0.09589920967339277,0.02994632379504852,0.033567922451893495
238812,2025-01-19,0.0,0.10341121099303659,0.03229208685850889,0.031639866972656604
238812,2025-01-20,0.0,0.09787684242771869,0.03056387665091078,0.028008416943087113
238812,2025-01-21,0.0,0.09673308929409177,0.030206718319806244,0.03458109093301158
238812,2025-01-22,0.0,0.09439588364534625,0.029476882095177077,0.028465432048172715
238812,2025-01-23,0.0,0.09448860943101255,0.02950583745790812,0.029510930128612285
238812,2025-01-24,0.0,0.08205957686580384,0.0256246393236944,0.023053507024639933
238812,2025-01-25,0.0,0.0832543116217372,0.025997717620921547,0.02080793798790014
238812,2025-01-26,0.0,0.09077553012122591,0.02834635892136689,0.020658135526125
238812,2025-01-27,0.0,0.08733863346627001,0.027273123589918853,0.019011141665484402
238812,2025-01-28,0.0,0.08977453482994904,0.028033779399471073,0.018762278543152846
238812,2025-01-29,0.0,0.08948965529718211,0.027944820431405795,0.018207364224079575
238812,2025-01-30,0.0,0.08886449045568094,0.02774960100433612,0.017719380676483824
238812,2025-01-31,0.0,0.08232449656596436,0.025707365460309214,0.01622887649054455
238812,2025-02-01,0.0,0.08265051712477652,0.025809171484063552,0.016071339281109223
238812,2025-02-02,0.0,0.09142996411009986,0.02855071818772633,0.017523313376152767
238812,2025-02-03,0.0,0.08486530179586321,0.026500779466262326,0.016177896832772688
238812,2025-02-04,0.0,0.08732347651466414,0.02726839054798784,0.02094910216932742
238812,2025-02-05,0.0,0.08641726393154443,0.026985408701383745,0.018671717466989243
238812,2025-02-06,0.0,0.08770091105736413,0.027386251550863924,0.017791832798714022
238812,2025-02-07,0.0,0.07991355261067426,0.024954503068817954,0.015745867117408812
238812,2025-02-08,0.0,0.08334487889218335,0.02602599894686001,0.016036752884162384
238812,2025-02-09,0.0,0.09137554513401865,0.02853372484352805,0.01731757328645354
238812,2025-02-10,0.0,0.08918424690086318,0.027849450941323014,0.016787048624236512
238812,2025-02-11,0.0,0.09340425089293251,0.029167226201341323,0.017484051938370604
238812,2025-02-12,0.0,0.09349246087788811,0.029194771420748587,0.017443644157128874
238812,2025-02-13,0.0,0.09614914341738191,0.030024370286258387,0.02231556913427535
238812,2025-02-14,0.0,0.08981813960224296,0.028047395806056384,0.01908885510842066
238812,2025-02-15,0.0,0.09211567604579131,0.028764844578614022,0.018438875101369392
238812,2025-02-16,0.0,0.10207248929653218,0.03187404594314042,0.028548266272677966
238812,2025-02-17,0.0,0.098416017921333,0.030732244294076137,0.023502860775970753
238812,2025-02-18,0.0,0.10076167365704855,0.0314647192165774,0.02165248320970019
238812,2025-02-19,0.0,0.09988939793209388,0.03119233478935411,0.020271328853885367
238812,2025-02-20,0.0,0.10046951402285835,0.03137348690053329,0.019706349771810353
238812,2025-02-21,0.0,0.09137471509101135,0.02853346564705766,0.017641219234653997
238812,2025-02-22,0.0,0.09399607052036947,0.029352032960978356,0.017893578128413974
238812,2025-02-23,0.0,0.10387538487115255,0.03243703384293769,0.019571305797513722
238812,2025-02-24,0.0,0.0971922687518654,0.030350105702969834,0.01823883762809048
238812,2025-02-25,0.0,0.09776331430385958,0.030528425368585226,0.018275687899227597
238812,2025-02-26,1.0,0.09960418676621484,0.031103272262640223,0.01856585576715138
238812,2025-02-27,0.0,0.10309630397433442,0.032193751245738915,0.06621129172213686
238812,2025-02-28,0.0,0.09391587271366662,0.02932698969424701,0.05115324420695918
238812,2025-03-01,0.0,0.09601336377608408,0.029981970550984983,0.04807359307551522
238812,2025-03-02,0.0,0.10474792825942096,0.032709501853042305,0.051078654840802776
238812,2025-03-03,0.0,0.10345832835400934,0.032306800136677326,0.04146760051702665
238812,2025-03-04,0.0,0.10920378828918824,0.03410092757689629,0.036502797307326335
238812,2025-03-05,0.0,0.10798799036838104,0.03372127191205987,0.03220206849619562
238812,2025-03-06,0.0,0.10797311564232089,0.03371662700033977,0.03816115809450237
238812,2025-03-07,0.0,0.0980459365471733,0.030616679455754248,0.03016226747658312
238812,2025-03-08,0.0,0.09896809660423708,0.03090464119969085,0.02664254083697253
238812,2025-03-09,0.0,0.1042434922979953,0.032551982279250546,0.03638262239342038
238812,2025-03-10,0.0,0.09770372394884443,0.030509817164488202,0.02965517114812226
238812,2025-03-11,0.0,0.10057955262583086,0.03140784851462576,0.02679835194894908
238812,2025-03-12,0.0,0.09748796892602576,0.03044244361891113,0.02403476738943783
238812,2025-03-13,0.0,0.09790705222316272,0.030573310225173074,0.027042038576813768
238812,2025-03-14,0.0,0.08964130509992946,0.02799217592173772,0.02684985084666644
238812,2025-03-15,0.0,0.09478478241271077,0.029598323016855752,0.023941627768418162
238812,2025-03-16,0.0,0.10980082287366948,0.03428736280451295,0.024520121329770873
238812,2025-03-17,0.0,0.10616753904951766,0.0331528019024167,0.026962518374878515
238812,2025-03-18,0.0,0.10616366605730979,0.03315159248808359,0.024112813523189232
238812,2025-03-19,0.0,0.10640144154971354,0.033225842337590177,0.02256144496664432
238812,2025-03-20,0.0,0.10796665821737667,0.03371461054849496,0.021917336527025193
238812,2025-03-21,0.0,0.0986416535591064,0.030802703246673106,0.01962084891247879
238812,2025-03-22,0.0,0.09776608001428287,0.03052928901344884,0.019086643119004328
238812,2025-03-23,0.0,0.10515894578600399,0.032837849771428854,0.02019805741834474
238812,2025-03-24,0.0,0.09905831255121925,0.030932812818299658,0.018890483682656313
238812,2025-03-25,0.0,0.10166709541348906,0.03174745411274382,0.019239216027540036
238812,2025-03-26,0.0,0.10085505393197025,0.031493878955832805,0.018988795050890395
238812,2025-03-27,0.0,0.09913168213914353,0.03095572384586884,0.018593376458913163
238812,2025-03-28,0.0,0.08858529448371312,0.027662416834546854,0.01658558637358307
238812,2025-03-29,0.0,0.08964849443331753,0.027994420925698052,0.016735057533942443
238812,2025-03-30,0.0,0.0960839462451323,0.030004011248500332,0.02673054619642462
238812,2025-03-31,0.0,0.09210490637530734,0.028761481547358837,0.021911872711777438
238812,2025-04-01,0.0,0.09367006745556909,0.02925023240005675,0.020074836729418736
238812,2025-04-02,0.0,0.09408933992784,0.029381158079796302,0.019022358146919074
238812,2025-04-03,0.0,0.09689218074736072,0.03025639760484772,0.01892200920036395
238812,2025-04-04,0.0,0.08928840442795137,0.027881976079355927,0.017166486543546425
238812,2025-04-05,0.0,0.09140320754158943,0.028542362948230753,0.0173480889007342
238812,2025-04-06,0.0,0.10140859067077647,0.03166673116670296,0.01906501941342227
238812,2025-04-07,0.0,0.096247487109275,0.030055079945395944,0.018025206471021196
238812,2025-04-08,0.0,0.09868901283391074,0.03081749206696495,0.01841614621625366
238812,2025-04-09,0.0,0.09554162706208168,0.02983466192944743,0.017791567179084075
238812,2025-04-10,0.0,0.09507043198680191,0.02968752244474243,0.017672375701839573
238812,2025-04-11,0.0,0.08731758162412098,0.027266549758042408,0.016216011158424606
238812,2025-04-12,0.0,0.09092583247277164,0.028393293644832025,0.016863590282078098
238812,2025-04-13,0.0,0.09954475617643022,0.03108471394822781,0.018440785484404865
238812,2025-04-14,0.0,0.0954275953735867,0.029799053399635803,0.017668835390187012
238812,2025-04-15,0.0,0.09952920624265353,0.03107985819025593,0.01841731045010946
238812,2025-04-16,0.0,0.10051581431845309,0.03138794503473908,0.018592361883113025
238812,2025-04-17,0.0,0.1036719472334215,0.03237350663147951,0.019169613849208365
238812,2025-04-18,0.0,0.09506659783121645,0.029686325157871826,0.017575738674822126
238812,2025-04-19,0.0,0.09687033429001618,0.03024957563949845,0.02232720855241218
238812,2025-04-20,0.0,0.10559735625678426,0.03297475164953441,0.021908916275581402
238812,2025-04-21,0.0,0.0995568326950249,0.031088485067274407,0.019739468321830735
238812,2025-04-22,0.0,0.10054473431539669,0.03139697584526999,0.019364313409458545
238812,2025-04-23,0.0,0.10012079985640705,0.03126459437288853,0.018982818927014665
238812,2025-04-24,0.0,0.1024118024747934,0.03198000283620287,0.019235006128577894
238812,2025-04-25,0.0,0.09295280211183954,0.029026252866717055,0.01738712108430143
238812,2025-04-26,0.0,0.09604483778545161,0.029991798899715476,0.017895596730549898
238812,2025-04-27,0.0,0.1058512072345129,0.03305402137032399,0.01966581601000174
238812,2025-04-28,0.0,0.10161231961606221,0.0317303493443994,0.018854734137836244
238812,2025-04-29,0.0,0.10481458082453912,0.0327303153644737,0.01942599764736985
238812,2025-04-30,0.0,0.10425601555655023,0.032555892901214294,0.01930790186889876
238812,2025-05-01,0.0,0.10450902006372775,0.03263489829572535,0.019343324970597108
238812,2025-05-02,0.0,0.09655052692279587,0.03014970980115173,0.02562207089255352
238812,2025-05-03,0.0,0.09732550628769382,0.03039171161821315,0.022758067034392093
238812,2025-05-04,0.0,0.1054967177272307,0.03294332538436984,0.022580577791730293
238812,2025-05-05,0.0,0.10080545800772536,0.03147839169987512,0.020725437215578294
238812,2025-05-06,0.0,0.1029339758009657,0.03214306123424337,0.020508872088813968
238812,2025-05-07,0.0,0.0997791685009778,0.031157913585600834,0.019529784766293634
238812,2025-05-08,0.0,0.1009239473166874,0.0315153922051401,0.01947034996964273
238812,2025-05-09,0.0,0.09039315716648516,0.02822695580686643,0.01733223497068756
238812,2025-05-10,0.0,0.09019585674727726,0.02816534505680268,0.017153458930993144
238812,2025-05-11,0.0,0.09807980457823268,0.03062725538258262,0.01850209550403123
238812,2025-05-12,0.0,0.0929119224623087,0.029013487430738512,0.017465015114674142
238812,2025-05-13,0.0,0.09621937892412769,0.030046302638298425,0.01801170700106631
238812,2025-05-14,0.0,0.0970029301322546,0.0302909811739035,0.018106166875619577
238812,2025-05-15,0.0,0.09616449117097652,0.030029162909682876,0.017911760929146196
238812,2025-05-16,0.0,0.09121346622538233,0.028483112669612315,0.016966103975953852
238812,2025-05-17,0.0,0.09575004205154669,0.02989974341217828,0.01777930111350586
238812,2025-05-18,0.0,0.10595983225130347,0.03308794156566378,0.019645458908767906
238812,2025-05-19,0.0,0.10456740330858291,0.032653129557073515,0.019372781453180117
238812,2025-05-20,0.0,0.10946839406413218,0.03418355568448443,0.020265685989202614
238812,2025-05-21,0.0,0.10964981959558846,0.034240209203613335,0.020289443803854553
238812,2025-05-22,0.0,0.1128497285268168,0.035239440681073764,0.020872719676689622
238812,2025-05-23,0.0,0.10016772732577398,0.03127924835384761,0.018524257259632745
238812,2025-05-24,0.0,0.10265504353976856,0.03205595941307985,0.01897878421785009
238812,2025-05-25,0.0,0.11219738866359372,0.03503573534465829,0.020737356849036912
238812,2025-05-26,0.0,0.10629648110406584,0.03319306647320356,0.019644410205676185
238812,2025-05-27,0.0,0.1071425874253445,0.033457279014144636,0.019798247625877712
238812,2025-05-28,0.0,0.10640535630047813,0.03322706479181449,0.01966015041747168
238812,2025-05-29,0.0,0.1073051604464337,0.03350804548392533,0.01982480696335994
238812,2025-05-30,0.0,0.10159723016333937,0.03172563738025844,0.018769353590842787
238812,2025-05-31,0.0,0.10324955775122632,0.032241607607029585,0.027917346349586526
238812,2025-06-01,0.0,0.11288029227133142,0.035248984782560534,0.025640709107570308
238812,2025-06-02,0.0,0.10536499438741413,0.03290219230518236,0.022148967981856484
238812,2025-06-03,0.0,0.10748926443416237,0.033565535401175524,0.021429154972414228
238812,2025-06-04,0.0,0.10659106635125526,0.03328505623232278,0.020659310860778917
238812,2025-06-05,0.0,0.1071684363178807,0.03346535081482234,0.02042597925019136
238812,2025-06-06,1.0,0.09737952226317237,0.03040857911792764,0.018417858003551384
238812,2025-06-07,0.0,0.09989091239355578,0.031192807708301698,0.07246631738545722
238812,2025-06-08,0.0,0.10980737763223056,0.03428940965060206,0.058936699440674256
238812,2025-06-09,0.0,0.1060051358957193,0.033102088476878094,0.05257293027564637
238812,2025-06-10,0.0,0.10836687494912801,0.033839585716465996,0.04403299898818861
238812,2025-06-11,0.0,0.1073368888987715,0.03351795328723736,0.03780313157704228
238812,2025-06-12,0.0,0.10984302853030171,0.034300542311036485,0.03843660384666603
238812,2025-06-13,0.0,0.09852207835131774,0.030765363649167612,0.031215273760897607
238812,2025-06-14,0.0,0.10069291626624496,0.0314432484339159,0.02823736159629362
238812,2025-06-15,0.0,0.11223758062229176,0.035048286036298275,0.028034387483318456
238812,2025-06-16,0.0,0.10797229389663497,0.03371637039486334,0.02556640916099863
238812,2025-06-17,0.0,0.11102927179642037,0.03467096898157808,0.06359467763665208
238812,2025-06-18,0.0,0.10946797678978777,0.03418342538275753,0.0838789368582985
238812,2025-06-19,0.0,0.1111427314323214,0.034706398877256385,0.06254808502226089
238812,2025-06-20,0.0,0.10047919827928306,0.03137651099092566,0.04470978949247492
238812,2025-06-21,0.0,0.10409174532789528,0.03250459644659343,0.03638195394420242
238812,2025-06-22,0.0,0.11311334920407207,0.035321761173464084,0.032708827453637554
238812,2025-06-23,0.0,0.10750184590983147,0.03356946420252321,0.028334526726785072
238812,2025-06-24,0.0,0.11109382532203008,0.03469112702862147,0.03564245903999075
238812,2025-06-25,0.0,0.11079959081370516,0.034599246794279774,0.030012915718568234
238812,2025-06-26,0.0,0.11214816529417314,0.03502036442592005,0.027064537868756892
238812,2025-06-27,0.0,0.10567175740761706,0.0329979848019363,0.023944336935161615
238812,2025-06-28,0.0,0.10684399109605158,0.03336403671953687,0.022940636859797595
238812,2025-06-29,0.0,0.11852673036563198,0.037012190798923934,0.024283368144519868
238812,2025-06-30,0.0,0.11298486598375611,0.03528163988225724,0.022689637269476936
238812,2025-07-01,0.0,0.11568062436654467,0.036123440911474694,0.02277335495278064
238812,2025-07-02,0.0,0.11372128137759223,0.03551159937729981,0.029859271640827557
238812,2025-07-03,0.0,0.11379775316519741,0.03553547912480357,0.02663692319254728
238812,2025-07-04,1.0,0.10225551447048373,0.03193119898058947,0.02264113146052496
238812,2025-07-05,0.0,0.10513715497034118,0.032831045181236515,0.07133305636772566
238812,2025-07-06,0.0,0.11351771045411563,0.035448030544872,0.05890975323352393
238812,2025-07-07,0.0,0.10809283028728052,0.03375401013971266,0.04844948283634329
238812,2025-07-08,0.0,0.11133931590009641,0.03476778605808006,0.04235733316706815
238812,2025-07-09,0.0,0.1111783406970497,0.03471751853689997,0.037423996651015555
238812,2025-07-10,0.0,0.11333256700725766,0.035390216037046306,0.03413370691612019
238812,2025-07-11,0.0,0.10365621011271954,0.03236859242088541,0.029521128039341753
238812,2025-07-12,0.0,0.10676760971137102,0.033340185202038984,0.027904237785910495
238812,2025-07-13,0.0,0.11885094941056025,0.037113434266237276,0.03284391967023937
238812,2025-07-14,0.0,0.11359514682902555,0.03547221150282217,0.028498240901630712
238812,2025-07-15,1.0,0.11818475299085571,0.03690540196061641,0.027231138116388588
238812,2025-07-16,0.0,0.11889607443860736,0.03712752540114612,0.07967458225929491
238812,2025-07-17,0.0,0.12084695959734285,0.03773672581947508,0.0637872850732964
238812,2025-07-18,0.0,0.11008592540549099,0.03437639140820836,0.05107454758176377
238812,2025-07-19,0.0,0.1123752856431604,0.03509128700739263,0.0440700479047917
238812,2025-07-20,0.0,0.12315483072020718,0.038457401789151115,0.040708548743645774
238812,2025-07-21,0.0,0.11749761019473708,0.03669082875676954,0.035686756045971414
238812,2025-07-22,0.0,0.11998408001121656,0.03746727551253012,0.0331251713998095
238812,2025-07-23,1.0,0.11898403830327517,0.03715499376488527,0.030610665061291863
238812,2025-07-24,0.0,0.11765734052440119,0.036740707542927444,0.0711661780172057
238812,2025-07-25,0.0,0.10684340968734987,0.03336385516378372,0.05643834144195625
238812,2025-07-26,0.0,0.10813974134723038,0.033768658996524016,0.0478395685736189
238812,2025-07-27,0.0,0.1161992333197031,0.03628538626730386,0.05621193190914995
238812,2025-07-28,0.0,0.11084143466056619,0.03461231331892787,0.04439163178288804
238812,2025-07-29,0.0,0.11285152981820856,0.03524000316803743,0.03799741078620484
238812,2025-07-30,0.0,0.111973699410623,0.034965884187159214,0.03338095390243745
238812,2025-07-31,1.0,0.11381993542573376,0.03554240595098691,0.030644268674745755
238812,2025-08-01,0.0,0.10268982408365401,0.03206682028912366,0.06456858930637087
238812,2025-08-02,0.0,0.10506073798403646,0.0328071825464649,0.05850622364998408
238812,2025-08-03,0.0,0.11617511328591175,0.03627785433513964,0.05504189470768783
238812,2025-08-04,0.0,0.11141175532216176,0.03479040662394377,0.04518236294684666
238812,2025-08-05,0.0,0.11394759733366273,0.03558227077202303,0.03954910866459649
238812,2025-08-06,0.0,0.11467584239827505,0.03580967892878782,0.03535356780991155
238812,2025-08-07,0.0,0.11903194329352225,0.03716995299504185,0.032977770663791636
238812,2025-08-08,0.0,0.11147439162512435,0.034809965982318364,0.02918586990145618
238812,2025-08-09,0.0,0.11462181699259458,0.03579280848431621,0.027929547030192705
238812,2025-08-10,0.0,0.12535893734240386,0.0391456753506529,0.028486170456577264
238812,2025-08-11,0.0,0.12071543770732289,0.037695655646758454,0.03426970773707524
238812,2025-08-12,0.0,0.12618398122756544,0.03940331075155264,0.031401461420615104
238812,2025-08-13,0.0,0.12427253250808255,0.038806425099770815,0.028674261963318723
238812,2025-08-14,0.0,0.1257685731947428,0.03927359181538687,0.02741821364957338
238812,2025-08-15,0.0,0.11602187513771854,0.03623000285420276,0.024577800229715896
238812,2025-08-16,0.0,0.12049626474604935,0.03762721478590287,0.035759394806059934
238812,2025-08-17,0.0,0.13361986262077719,0.04172530394274864,0.045847646563680886
238812,2025-08-18,0.0,0.12713745609930605,0.039701051132696875,0.036903710227781134
238812,2025-08-19,0.0,0.13179579193785135,0.04115570371890959,0.033305365956586744
238812,2025-08-20,0.0,0.1320468775152452,0.041234109891666496,0.030657751381643897
238812,2025-08-21,0.0,0.13443135103699747,0.04197870639466485,0.029382385733199724
238812,2025-08-22,0.0,0.12352550074243442,0.038573150443853677,0.026217529417297443
238812,2025-08-23,0.0,0.12606351166142107,0.03936569187390501,0.02587868663302664
238812,2025-08-24,0.0,0.1420603246780588,0.04436099625562601,0.04818165338411435
238812,2025-08-25,0.0,0.13816305630806214,0.043144001236359426,0.043415230077548744
238812,2025-08-26,0.0,0.13980598795137414,0.043657037403511526,0.03694067840999633
238812,2025-08-27,0.0,0.14031774865445787,0.04381684426503125,0.03319842956379117
238812,2025-08-28,0.0,0.1393060959245338,0.04350093675837266,0.030737799755907944
238812,2025-08-29,0.0,0.12694709738067675,0.03964160805861214,0.02703616527400367
238812,2025-08-30,0.0,0.13060243527166843,0.04078305575600977,0.026777923806241
238812,2025-08-31,0.0,0.14086242684852834,0.04398693022944418,0.02802852672691382
238812,2025-09-01,0.0,0.13247843629973535,0.04136887220244001,0.026016800949909474
238812,2025-09-02,0.0,0.13327338218439266,0.041617108939140605,0.025820066535553014
238812,2025-09-03,0.0,0.12837159016290206,0.04008643260143696,0.02907598367467289
238812,2025-09-04,0.0,0.13069135739334295,0.040810823353441245,0.035033640466386705
238812,2025-09-05,0.0,0.11697184101121862,0.03652664748494545,0.028291392584503063
238812,2025-09-06,0.0,0.11715947603265883,0.0365852400335856,0.030388102326529186
238812,2025-09-07,0.0,0.12687877934689581,0.03962027447340729,0.02877305180515939
238812,2025-09-08,0.0,0.12077497747765789,0.03771424805484197,0.030163548994054202
238812,2025-09-09,0.0,0.1244786650746179,0.03887079385320679,0.0277103595872975
238812,2025-09-10,0.0,0.12245655981268423,0.03823935362416038,0.030026933520474343
238812,2025-09-11,0.0,0.12359111976649989,0.03859364121273981,0.036057481090915666
238812,2025-09-12,0.0,0.11493865659865823,0.035891747583674714,0.02875267325234275
238812,2025-09-13,0.0,0.11929667916750226,0.03725262172848992,0.02651678228369393
238812,2025-09-14,0.0,0.1316839363891619,0.04112077472949732,0.027135494640890212
238812,2025-09-15,0.0,0.12736068847825033,0.039770759622726894,0.03647715812203202
238812,2025-09-16,0.0,0.13083822758720015,0.04085668632140593,0.0414197532540571
238812,2025-09-17,0.0,0.13245318827384453,0.041360988033622696,0.043836546187611486
238812,2025-09-18,0.0,0.1326688871263868,0.041428344038979256,0.03606675337450617
238812,2025-09-19,0.0,0.11951915008913809,0.037322092439218184,0.029346039766296843
238812,2025-09-20,0.0,0.1216323007401777,0.03798196329570666,0.027283022214355582
238812,2025-09-21,1.0,0.13293354516320222,0.0415109884663153,0.027899758212843705
238812,2025-09-22,0.0,0.12642383263038076,0.03947820884295367,0.06838436135500567
238812,2025-09-23,0.0,0.13195301231968004,0.04120479872686073,0.05748075835673633
238812,2025-09-24,1.0,0.13150847828564932,0.04106598465147533,0.04925105048748846
238812,2025-09-25,0.0,0.13475312968071756,0.04207918780100794,0.09550171853350706
238812,2025-09-26,0.0,0.12374638873037062,0.038642126853896085,0.08267054449650116
238812,2025-09-27,0.0,0.1255907720876624,0.039218070090631454,0.06590394176344637
238812,2025-09-28,0.0,0.13904169896935994,0.04341837385866757,0.05719397099675276
238812,2025-09-29,0.0,0.13363569422059976,0.04173024765621714,0.0485024330332178
238812,2025-09-30,0.0,0.13641546514463906,0.04259828317445393,0.04350578679827657
612605,2025-01-15,0.0,0.1067262925185077,1.5597919409875451,0.8732134519013748
612605,2025-01-16,0.0,0.10561243185086525,1.5435130011708134,0.7471022746652694
612605,2025-01-17,0.0,0.09707412309857011,1.4187266447143305,0.62386459946563
612605,2025-01-18,9.0,0.09589920967339277,1.4015554261822907,0.7242138918348354
612605,2025-01-19,0.0,0.10341121099303659,1.5113424228310905,1.1694781932026757
612605,2025-01-20,0.0,0.09787684242771869,1.4304582912555401,0.9544995658477383
612605,2025-01-21,0.0,0.09673308929409177,1.413742476640307,0.7991436803128882
612605,2025-01-22,2.0,0.09439588364534625,1.379584496921189,0.6949461253068093
612605,2025-01-23,8.0,0.09448860943101255,1.3809396731368244,0.7068112142289884
612605,2025-01-24,0.0,0.08205957686580384,1.199290855661764,1.0499934287194959
612605,2025-01-25,3.0,0.0832543116217372,1.2167517605610834,0.8517185882769206
612605,2025-01-26,0.0,0.09077553012122591,1.3266734651857852,1.0113044492581107
612605,2025-01-27,0.0,0.08733863346627001,1.2764436335491467,0.855169626470185
612605,2025-01-28,1.0,0.08977453482994904,1.312044039282797,0.7988973681186675
612605,2025-01-29,1.0,0.08948965529718211,1.3078805591423706,0.8106026927282015
612605,2025-01-30,1.0,0.08886449045568094,1.2987438501032817,0.7836719494352482
612605,2025-01-31,0.0,0.08232449656596436,1.20316262524701,0.6735320926089838
612605,2025-02-01,0.0,0.08265051712477652,1.2079273765396052,0.5939965516285814
612605,2025-02-02,0.0,0.09142996411009986,1.336237939296763,0.6801300176382858
612605,2025-02-03,0.0,0.08486530179586321,1.2402961883802743,0.620960462973601
612605,2025-02-04,0.0,0.08732347651466414,1.2762221165226777,0.5743141720191404
612605,2025-02-05,0.0,0.08641726393154443,1.2629779285103702,0.5056833328058885
612605,2025-02-06,3.0,0.08770091105736413,1.2817382770119186,0.5201661270829131
612605,2025-02-07,1.0,0.07991355261067426,1.167926969038096,0.5556983867244931
612605,2025-02-08,0.0,0.08334487889218335,1.2180753903361423,0.629639390778569
612605,2025-02-09,0.0,0.09137554513401865,1.3354426125002892,0.5794894580977505
612605,2025-02-10,1.0,0.08918424690086318,1.303417052127868,0.5692455261611629
612605,2025-02-11,4.0,0.09340425089293251,1.3650919033986884,0.5943795158481252
612605,2025-02-12,1.0,0.09349246087788811,1.3663810817295527,0.7758384639203364
612605,2025-02-13,0.0,0.09614914341738191,1.405208177818796,0.775669407854804
612605,2025-02-14,0.0,0.08981813960224296,1.312681317790348,0.6385975854652717
612605,2025-02-15,0.0,0.09211567604579131,1.3462595368421384,0.609646331595991
612605,2025-02-16,0.0,0.10207248929653218,1.491777166096714,0.5888692444529751
612605,2025-02-17,0.0,0.098416017921333,1.4383382763076935,0.5657740179340579
612605,2025-02-18,1.0,0.10076167365704855,1.4726197530325207,0.608420992817285
612605,2025-02-19,0.0,0.09988939793209388,1.4598715481244617,0.6263954645777718
612605,2025-02-20,4.0,0.10046951402285835,1.4683498750845658,0.5599472182208811
612605,2025-02-21,2.0,0.09137471509101135,1.335430481521475,0.8091882131481519
612605,2025-02-22,0.0,0.09399607052036947,1.3737412761409704,0.7709915582879401
612605,2025-02-23,0.0,0.10387538487115255,1.5181262682848868,0.7033237037818729
612605,2025-02-24,0.0,0.0971922687518654,1.4204533292409267,0.6010365654365808
612605,2025-02-25,6.0,0.09776331430385958,1.4287990913668138,0.5831495501124417
612605,2025-02-26,4.0,0.09960418676621484,1.4557032212059506,0.9336391849036305
612605,2025-02-27,0.0,0.10309630397433442,1.5067400945918061,0.9457005817536592
612605,2025-02-28,0.0,0.09391587271366662,1.3725691948325311,0.771220648121879
612605,2025-03-01,0.0,0.09601336377608408,1.4032237746764322,0.6836647098556778
612605,2025-03-02,7.0,0.10474792825942096,1.5308783850601138,0.6612531152075285
612605,2025-03-03,0.0,0.10345832835400934,1.512031037400112,1.0019785302306183
612605,2025-03-04,4.0,0.10920378828918824,1.5960002439815624,0.8645883530472612
612605,2025-03-05,6.0,0.10798799036838104,1.5782315034585501,0.9532102933495263
612605,2025-03-06,0.0,0.10797311564232089,1.5780141111245194,1.1046481875903065
612605,2025-03-07,0.0,0.0980459365471733,1.4329295814931164,0.9337468225069125
612605,2025-03-08,0.0,0.09896809660423708,1.446406839920877,0.8178828020310736
612605,2025-03-09,7.0,0.1042434922979953,1.5235061140966153,0.8099277634373425
612605,2025-03-10,0.0,0.09770372394884443,1.4279281854886103,1.0643646666818212
612605,2025-03-11,0.0,0.10057955262583086,1.4699580760448334,0.9839352556711847
612605,2025-03-12,0.0,0.09748796892602576,1.4247749517551163,0.8386633487921974
612605,2025-03-13,0.0,0.09790705222316272,1.4308998037859628,0.732585720498232
612605,2025-03-14,0.0,0.08964130509992946,1.3100969027873692,0.6148874832173772
612605,2025-03-15,1.0,0.09478478241271077,1.3852682056763674,0.6080926253577414
612605,2025-03-16,0.0,0.10980082287366948,1.6047258326944205,0.8036613584705065
612605,2025-03-17,2.0,0.10616753904951766,1.551625826177754,0.6957979422065459
612605,2025-03-18,0.0,0.10616366605730979,1.5515692228620126,0.7629274838088799
612605,2025-03-19,1.0,0.10640144154971354,1.5550442831125257,0.6781707599062308
612605,2025-03-20,0.0,0.10796665821737667,1.5779197366348803,0.6657517463232836
612605,2025-03-21,2.0,0.0986416535591064,1.441635914041502,0.5766188263788353
612605,2025-03-22,4.0,0.09776608001428287,1.428839511892324,0.7120848212433073
612605,2025-03-23,2.0,0.10515894578600399,1.536885356823493,0.9136069875865861
612605,2025-03-24,4.0,0.09905831255121925,1.4477253351457244,0.866562846547039
612605,2025-03-25,2.0,0.10166709541348906,1.4858523832079369,0.9042117842354718
612605,2025-03-26,0.0,0.10085505393197025,1.4739844945299807,0.8913337768062046
612605,2025-03-27,1.0,0.09913168213914353,1.44879762285719,0.7770596880192604
612605,2025-03-28,0.0,0.08858529448371312,1.2946634345210009,0.7435680785262239
612605,2025-03-29,2.0,0.08964849443331753,1.3102019740309696,0.6650611518630957
612605,2025-03-30,1.0,0.0960839462451323,1.404255328980423,0.7719673461178307
612605,2025-03-31,4.0,0.09210490637530734,1.3461021394020927,0.8440494986892357
612605,2025-04-01,0.0,0.09367006745556909,1.3689767805212554,0.9289368582272768
612605,2025-04-02,6.0,0.09408933992784,1.3751043973239534,0.7891791707164789
612605,2025-04-03,0.0,0.09689218074736072,1.4160675791134945,0.9377703320210364
612605,2025-04-04,9.0,0.08928840442795137,1.304939301870753,0.7904598875810498
612605,2025-04-05,0.0,0.09140320754158943,1.3358468952630371,1.086191136383643
612605,2025-04-06,2.0,0.10140859067077647,1.4820743674549748,0.948100190168163
612605,2025-04-07,0.0,0.096247487109275,1.4066454590588915,0.9257046597216232
612605,2025-04-08,0.0,0.09868901283391074,1.4423280641521041,0.877106617091346
612605,2025-04-09,0.0,0.09554162706208168,1.3963293992849017,0.7671928781332773
612605,2025-04-10,0.0,0.09507043198680191,1.3894429398782195,0.6661067857397996
612605,2025-04-11,3.0,0.08731758162412098,1.2761359634057161,0.6821220501837961
612605,2025-04-12,2.0,0.09092583247277164,1.3288701159933811,0.8416891317857533
612605,2025-04-13,0.0,0.09954475617643022,1.4548346502773941,0.8260812945090841
612605,2025-04-14,0.0,0.0954275953735867,1.3946628398595302,0.8101809157070702
612605,2025-04-15,0.0,0.09952920624265353,1.454607389863719,0.7088479022181031
612605,2025-04-16,2.0,0.10051581431845309,1.469026548341266,0.766997954656256
612605,2025-04-17,4.0,0.1036719472334215,1.515153051654398,0.7868249738318986
612605,2025-04-18,5.0,0.09506659783121645,1.389386904155048,0.8306137801403971
612605,2025-04-19,5.0,0.09687033429001618,1.4157482957644618,0.9804332182725455
612605,2025-04-20,1.0,0.10559735625678426,1.5432926731747947,1.2320691787147773
612605,2025-04-21,3.0,0.0995568326950249,1.4550111471455478,1.124233101258685
612605,2025-04-22,0.0,0.10054473431539669,1.4694492106215864,1.0487887385757928
612605,2025-04-23,2.0,0.10012079985640705,1.4632534594431756,0.8823397782471978
612605,2025-04-24,0.0,0.1024118024747934,1.496736187425324,0.8656873792722053
612605,2025-04-25,0.0,0.09295280211183954,1.3584940337088425,0.7176349474344691
612605,2025-04-26,1.0,0.09604483778545161,1.4036837635414399,0.6500861655309798
612605,2025-04-27,0.0,0.1058512072345129,1.5470026747117098,0.700995499622906
612605,2025-04-28,1.0,0.10161231961606221,1.485051841510372,0.6952691464767735
612605,2025-04-29,1.0,0.10481458082453912,1.5318525042903814,0.6738554003046848
612605,2025-04-30,0.0,0.10425601555655023,1.5236891400156078,0.6795913820910655
612605,2025-05-01,2.0,0.10450902006372775,1.52738677048713,0.6296754824558435
612605,2025-05-02,1.0,0.09655052692279587,1.4110743495204077,0.6985814495155764
612605,2025-05-03,0.0,0.09732550628769382,1.4224005798173127,0.6707059160361984
612605,2025-05-04,8.0,0.1054967177272307,1.5418218531580377,0.6778189872286886
612605,2025-05-05,0.0,0.10080545800772536,1.4732596560565596,0.921548660919568
612605,2025-05-06,1.0,0.1029339758009657,1.504367687843283,0.8729430108251601
612605,2025-05-07,0.0,0.0997791685009778,1.458260558233806,0.7878388310153981
612605,2025-05-08,0.0,0.1009239473166874,1.474991363069432,0.8659555828257972
612605,2025-05-09,0.0,0.09039315716648516,1.3210851303979652,0.700620113693882
612605,2025-05-10,8.0,0.09019585674727726,1.3182016084787476,0.6144269538833766
612605,2025-05-11,2.0,0.09807980457823268,1.4334245586974859,1.0415862111548697
612605,2025-05-12,1.0,0.0929119224623087,1.3578965825430247,1.0099897076329805
612605,2025-05-13,0.0,0.09621937892412769,1.4062346613104268,0.9090645329402551
612605,2025-05-14,1.0,0.0970029301322546,1.4176861680661355,0.8259408547048719
612605,2025-05-15,0.0,0.09616449117097652,1.4054324833934038,0.7633017608454957
612605,2025-05-16,0.0,0.09121346622538233,1.3330738487258786,0.6524667177001517
612605,2025-05-17,0.0,0.09575004205154669,1.3993753593129066,0.6497308126318573
612605,2025-05-18,1.0,0.10595983225130347,1.548590216279784,0.7063491317253265
612605,2025-05-19,5.0,0.10456740330858291,1.5282400345953908,0.7068841296695758
612605,2025-05-20,0.0,0.10946839406413218,1.5998674255874892,0.889441252579126
612605,2025-05-21,0.0,0.10964981959558846,1.6025189379297342,0.8422058402643683
612605,2025-05-22,0.0,0.1128497285268168,1.649285222460404,0.7699801491772975
612605,2025-05-23,4.0,0.10016772732577398,1.4639392987691953,0.6761198027252694
612605,2025-05-24,4.0,0.10265504353976856,1.5002911263622283,0.8895622307673579
612605,2025-05-25,0.0,0.11219738866359372,1.6397513537441848,0.9609426200337409
612605,2025-05-26,1.0,0.10629648110406584,1.5535102988113718,0.8072786462203339
612605,2025-05-27,1.0,0.1071425874253445,1.5658760410292065,0.8083028075236145
612605,2025-05-28,0.0,0.10640535630047813,1.5551014967245562,0.7825262733634172
612605,2025-05-29,0.0,0.1073051604464337,1.5682520261977437,0.71684743744946
612605,2025-05-30,0.0,0.10159723016333937,1.4848313109719677,0.6310904960675938
612605,2025-05-31,0.0,0.10324955775122632,1.5089798801261949,0.6015251092489708
612605,2025-06-01,1.0,0.11288029227133142,1.6497319079139632,0.6253893050770312
612605,2025-06-02,0.0,0.10536499438741413,1.53989673237442,0.5910802810748989
612605,2025-06-03,7.0,0.10748926443416237,1.570942683856568,0.6147277261879884
612605,2025-06-04,0.0,0.10659106635125526,1.55781562680185,0.9388453900533646
612605,2025-06-05,1.0,0.1071684363178807,1.566253819487635,0.8120877765366498
612605,2025-06-06,2.0,0.09737952226317237,1.423190016808403,0.753205637176344
612605,2025-06-07,0.0,0.09989091239355578,1.4598936817967507,0.8418165167706999
612605,2025-06-08,0.0,0.10980737763223056,1.6048216297031748,0.8050586465049971
612605,2025-06-09,4.0,0.1060051358957193,1.5492523235992615,0.7005313987029205
612605,2025-06-10,1.0,0.10836687494912801,1.583768856079612,0.8516414055889001
612605,2025-06-11,6.0,0.1073368888987715,1.5687157337161879,0.7724331928084289
612605,2025-06-12,0.0,0.10984302853030171,1.605342663294693,0.977491400933777
612605,2025-06-13,5.0,0.09852207835131774,1.4398883367477595,0.8416226123015647
612605,2025-06-14,0.0,0.10069291626624496,1.471614872027775,0.9923011747711884
612605,2025-06-15,0.0,0.11223758062229176,1.6403387543911139,0.9479792096514341
612605,2025-06-16,4.0,0.10797229389663497,1.5780021014100603,0.8170255283530903
612605,2025-06-17,1.0,0.11102927179642037,1.622679466090703,0.989136470067659
612605,2025-06-18,0.0,0.10946797678978777,1.599861327173085,0.9420382221987986
612605,2025-06-19,1.0,0.1111427314323214,1.6243376650361512,0.8144287020610016
612605,2025-06-20,0.0,0.10047919827928306,1.4684914093285584,0.7450445190697592
612605,2025-06-21,0.0,0.10409174532789528,1.5212883503624328,0.6724796746769165
612605,2025-06-22,14.0,0.11311334920407207,1.6531380069819797,0.6558958867164097
612605,2025-06-23,1.0,0.10750184590983147,1.571126560611689,1.2535208221373966
612605,2025-06-24,2.0,0.11109382532203008,1.6236229081107738,1.1515631146929768
612605,2025-06-25,2.0,0.11079959081370516,1.619322706126656,1.0534906527034875
612605,2025-06-26,9.0,0.11214816529417314,1.639031960114755,1.053688810022726
612605,2025-06-27,1.0,0.10567175740761706,1.544380037054216,1.309171211077682
612605,2025-06-28,9.0,0.10684399109605158,1.5615120915557552,1.1412763639379606
612605,2025-06-29,1.0,0.11852673036563198,1.7322539221893845,1.4156659433994685
612605,2025-06-30,6.0,0.11298486598375611,1.6512602401555323,1.3326319511445572
612605,2025-07-01,0.0,0.11568062436654467,1.6906584249991972,1.3801402143402839
612605,2025-07-02,5.0,0.11372128137759223,1.6620228626491935,1.2774744583547428
612605,2025-07-03,1.0,0.11379775316519741,1.6631404886362369,1.346333269675631
612605,2025-07-04,0.0,0.10225551447048373,1.4944520570218156,1.1211363133041718
612605,2025-07-05,0.0,0.10513715497034118,1.5365668866709532,0.960457718520701
612605,2025-07-06,1.0,0.11351771045411563,1.6590476980635491,0.8693921875126857
612605,2025-07-07,2.0,0.10809283028728052,1.5797637262757611,0.8311367157764576
612605,2025-07-08,5.0,0.11133931590009641,1.6272107234112054,0.8600650249511546
612605,2025-07-09,0.0,0.1111783406970497,1.6248580901613663,0.9714687351540463
612605,2025-07-10,1.0,0.11333256700725766,1.6563418488344508,0.8592320637382374
612605,2025-07-11,0.0,0.10365621011271954,1.5149230555263025,0.8708647222365937
612605,2025-07-12,0.0,0.10676760971137102,1.5603957867965923,0.7992876670484869
612605,2025-07-13,1.0,0.11885094941056025,1.7369923445730358,0.7433226114031537
612605,2025-07-14,0.0,0.11359514682902555,1.660179421378147,0.7311957418276149
612605,2025-07-15,0.0,0.11818475299085571,1.7272559639488356,0.6823776293160045
612605,2025-07-16,0.0,0.11889607443860736,1.7376518414357465,0.6299465684404023
612605,2025-07-17,0.0,0.12084695959734285,1.7661637936134176,0.599462371487981
612605,2025-07-18,0.0,0.11008592540549099,1.6088925719392344,0.533643934748883
612605,2025-07-19,0.0,0.1123752856431604,1.6423512967245522,0.5888393763131661
612605,2025-07-20,0.0,0.12315483072020718,1.7998930527616017,0.5935684010500959
612605,2025-07-21,1.0,0.11749761019473708,1.7172134545502484,0.5463119806492334
612605,2025-07-22,1.0,0.11998408001121656,1.7535529121453008,0.6009513332353682
612605,2025-07-23,7.0,0.11898403830327517,1.7389374227481786,0.6441358226074578
612605,2025-07-24,0.0,0.11765734052440119,1.719547894125184,0.8899115138722121
612605,2025-07-25,0.0,0.10684340968734987,1.5615035943374413,0.7914686288364137
612605,2025-07-26,6.0,0.10813974134723038,1.580449325780122,0.7035420419342056
612605,2025-07-27,1.0,0.1161992333197031,1.6982378325338516,0.9569585516186104
612605,2025-07-28,0.0,0.11084143466056619,1.619934248920597,0.8457865876706965
612605,2025-07-29,2.0,0.11285152981820856,1.6493115481176526,0.7913989310519893
612605,2025-07-30,0.0,0.111973699410623,1.6364821621903909,0.7813582722075085
612605,2025-07-31,4.0,0.11381993542573376,1.663464679708568,0.7313707543103773
612605,2025-08-01,0.0,0.10268982408365401,1.5007994398319038,0.8209766661900114
612605,2025-08-02,2.0,0.10506073798403646,1.5354500615983313,0.7396604585976481
612605,2025-08-03,3.0,0.11617511328591175,1.6978853211382405,0.8276634549623663
612605,2025-08-04,4.0,0.11141175532216176,1.6282694168604108,0.8441350080797574
612605,2025-08-05,3.0,0.11394759733366273,1.6653304431531677,0.9172292473243677
612605,2025-08-06,0.0,0.11467584239827505,1.675973657266965,0.9468946557283089
612605,2025-08-07,3.0,0.11903194329352225,1.7396375484244035,0.8674986506622703
612605,2025-08-08,1.0,0.11147439162512435,1.6291848389018666,0.8851153131047524
612605,2025-08-09,0.0,0.11462181699259458,1.675184082454607,0.8402778204594974
612605,2025-08-10,3.0,0.12535893734240386,1.8321058062008115,0.7987674009508177
612605,2025-08-11,4.0,0.12071543770732289,1.764241616994371,0.8536787368825752
612605,2025-08-12,1.0,0.12618398122756544,1.8441637234456452,1.1896063125033192
612605,2025-08-13,4.0,0.12427253250808255,1.8162281300889909,1.1067499449281342
612605,2025-08-14,1.0,0.1257685731947428,1.8380925849611347,1.1325086627960845
612605,2025-08-15,1.0,0.11602187513771854,1.6956457640154052,0.9816565736693204
612605,2025-08-16,0.0,0.12049626474604935,1.7610384305010565,1.0283718232608579
612605,2025-08-17,1.0,0.13361986262077719,1.9528382365161674,0.9347825617826253
612605,2025-08-18,3.0,0.12713745609930605,1.8580986441271374,0.9113224093703399
612605,2025-08-19,10.0,0.13179579193785135,1.9261796626644991,1.1057119399560755
612605,2025-08-20,1.0,0.1320468775152452,1.9298492482078105,1.536220339885326
612605,2025-08-21,0.0,0.13443135103699747,1.9646980422112414,1.2910705766350299
612605,2025-08-22,2.0,0.12352550074243442,1.8053103505969543,1.1123011924460338
612605,2025-08-23,3.0,0.12606351166142107,1.8424030752119998,1.0746002080559096
612605,2025-08-24,0.0,0.1420603246780588,2.076194575282231,1.212955752444493
612605,2025-08-25,1.0,0.13816305630806214,2.0192364663482745,1.021404927311893
612605,2025-08-26,4.0,0.13980598795137414,2.04324771490155,1.0085773288122282
612605,2025-08-27,3.0,0.14031774865445787,2.0507270360842442,1.1978586219343157
612605,2025-08-28,4.0,0.1393060959245338,2.0359418529960194,1.139669732082781
612605,2025-08-29,1.0,0.12694709738067675,1.8553165743277653,1.1407998667709183
612605,2025-08-30,0.0,0.13060243527166843,1.9087388983812923,1.0609032056671435
612605,2025-08-31,0.0,0.14086242684852834,2.058687442442363,0.9624704782998159
612605,2025-09-01,0.0,0.13247843629973535,1.9361564279872767,0.9053612705288222
612605,2025-09-02,1.0,0.13327338218439266,1.947774466571299,0.8061153721727659
612605,2025-09-03,1.0,0.12837159016290206,1.8761353651737478,0.7678090004934902
612605,2025-09-04,4.0,0.13069135739334295,1.910038484504734,0.8969755762248048
612605,2025-09-05,2.0,0.11697184101121862,1.7095294011092512,0.9014481576388478
612605,2025-09-06,0.0,0.11715947603265883,1.7122716644014828,0.8670990535215832
612605,2025-09-07,0.0,0.12687877934689581,1.854318114473113,0.8347467198723688
612605,2025-09-08,3.0,0.12077497747765789,1.7651117835835524,0.733483118335327
612605,2025-09-09,0.0,0.1244786650746179,1.8192407327801334,0.8749426392711717
612605,2025-09-10,1.0,0.12245655981268423,1.789687907351988,0.8220079090599048
612605,2025-09-11,0.0,0.12359111976649989,1.8062693647489267,0.8235037368228738
612605,2025-09-12,1.0,0.11493865659865823,1.6798146552259607,0.725324671704732
612605,2025-09-13,3.0,0.11929667916750226,1.7435066314121097,0.719076262583823
612605,2025-09-14,2.0,0.1316839363891619,1.9245449072609018,0.838110885215451
612605,2025-09-15,0.0,0.12736068847825033,1.8613611585219327,0.8376706373889968
612605,2025-09-16,0.0,0.13083822758720015,1.9121849747401183,0.8331260088547172
612605,2025-09-17,0.0,0.13245318827384453,1.9357874311226708,0.7527426446578105
612605,2025-09-18,6.0,0.1326688871263868,1.9389398439343248,0.711253765717053
612605,2025-09-19,2.0,0.11951915008913809,1.7467580171998383,0.8893675206300325
612605,2025-09-20,6.0,0.1216323007401777,1.777641460049805,0.8844783185845204
612605,2025-09-21,0.0,0.13293354516320222,1.9428077893412234,1.0967912352401248
612605,2025-09-22,4.0,0.12642383263038076,1.8476691228773834,0.9500607097854156
612605,2025-09-23,0.0,0.13195301231968004,1.928477419653414,1.146941175512943
612605,2025-09-24,0.0,0.13150847828564932,1.9219806081610111,0.9897014629999296
612605,2025-09-25,0.0,0.13475312968071756,1.9694007984244724,0.8909214045456413
612605,2025-09-26,0.0,0.12374638873037062,1.8085386019988674,0.7849871229046119
612605,2025-09-27,10.0,0.1255907720876624,1.8354940431456341,0.7231380397473357
612605,2025-09-28,0.0,0.13904169896935994,2.0320777232659406,1.150986997237411
612605,2025-09-29,0.0,0.13363569422059976,1.9530696134452583,1.0151512846563984
612605,2025-09-30,0.0,0.13641546514463906,1.9936956314844037,0.9490650008176251
676128,2025-02-16,0.0,0.10207248929653218,0.04207854637165468,0.029166463816681355
676128,2025-02-17,0.0,0.098416017921333,0.04057119604270396,0.02812165398793643
676128,2025-02-18,0.0,0.10076167365704855,0.04153817337741463,0.02879190787920175
676128,2025-02-19,0.0,0.09988939793209388,0.04117858486542347,0.02854266150003145
676128,2025-02-20,0.0,0.10046951402285835,0.0414177329649203,0.02870842541043832
676128,2025-02-21,0.0,0.09137471509101135,0.03766847671348487,0.02610965344167514
676128,2025-02-22,0.0,0.09399607052036947,0.038749108985226495,0.0268586864946354
676128,2025-02-23,0.0,0.10387538487115255,0.04282177528242929,0.029681627979961996
676128,2025-02-24,0.0,0.0971922687518654,0.04006671548648747,0.027771976654524095
676128,2025-02-25,0.0,0.09776331430385958,0.04030212433078545,0.02793514872512511
676128,2025-02-26,0.0,0.09960418676621484,0.04106100890198939,0.028461164505032555
676128,2025-02-27,0.0,0.10309630397433442,0.04250060557382353,0.029459011338162453
676128,2025-02-28,0.0,0.09391587271366662,0.03871604809730745,0.02683577056064088
676128,2025-03-01,0.0,0.09601336377608408,0.03958072158124356,0.02743511321995515
676128,2025-03-02,0.0,0.10474792825942096,0.04318147413642579,0.02993095084195748
676128,2025-03-03,0.0,0.10345832835400934,0.042649847154515905,0.029562457144601737
676128,2025-03-04,0.0,0.10920378828918824,0.04501836588052216,0.031204180105063338
676128,2025-03-05,0.0,0.10798799036838104,0.0445171631613387,0.03085677478253218
676128,2025-03-06,0.0,0.10797311564232089,0.04451103117754363,0.030852524438855777
676128,2025-03-07,0.0,0.0980459365471733,0.04041863303212993,0.028015905954523638
676128,2025-03-08,0.0,0.09896809660423708,0.040798785950812246,0.028279406415058144
676128,2025-03-09,0.0,0.1042434922979953,0.04297352454941497,0.029786811972432978
676128,2025-03-10,0.0,0.09770372394884443,0.0402775586957736,0.027918121219032616
676128,2025-03-11,0.0,0.10057955262583086,0.04146309547630571,0.028739868132705165
676128,2025-03-12,0.0,0.09748796892602576,0.04018861545754006,0.02785647080656911
676128,2025-03-13,0.0,0.09790705222316272,0.04036137910887939,0.027976220779420375
676128,2025-03-14,0.0,0.08964130509992946,0.03695389266450638,0.025614344273330193
676128,2025-03-15,0.0,0.09478478241271077,0.03907424899272983,0.027084055122639852
676128,2025-03-16,0.0,0.10980082287366948,0.045264488490264654,0.031374778350737466
676128,2025-03-17,0.0,0.10616753904951766,0.043766697039016596,0.03033659419432875
676128,2025-03-18,0.0,0.10616366605730979,0.04376510042975058,0.030335487515263004
676128,2025-03-19,0.0,0.10640144154971354,0.04386312142592799,0.03040343011511026
676128,2025-03-20,0.0,0.10796665821737667,0.04450836915708318,0.0308506792771253
676128,2025-03-21,0.0,0.0986416535591064,0.040664212483398014,0.028186127713523284
676128,2025-03-22,0.0,0.09776608001428287,0.040303264472219234,0.027935939006556904
676128,2025-03-23,0.0,0.10515894578600399,0.04335091274002095,0.03004839608013796
676128,2025-03-24,0.0,0.09905831255121925,0.04083597673487869,0.028305184959027015
676128,2025-03-25,0.0,0.10166709541348906,0.04191142606897588,0.02905062549332146
676128,2025-03-26,0.0,0.10085505393197025,0.04157666862971592,0.02881859060662876
676128,2025-03-27,0.0,0.09913168213914353,0.04086622274562084,0.028326149779677384
676128,2025-03-28,0.0,0.08858529448371312,0.03651856095084229,0.025312596999013923
676128,2025-03-29,0.0,0.08964849443331753,0.036956856408218684,0.025616398572520644
676128,2025-03-30,0.0,0.0960839462451323,0.03960981862509289,0.02745528164186565
676128,2025-03-31,0.0,0.09210490637530734,0.037969492080389126,0.026318300235923537
676128,2025-04-01,0.0,0.09367006745556909,0.03861471689609411,0.026765533514247073
676128,2025-04-02,0.0,0.09408933992784,0.038787558533330525,0.026885337542502854
676128,2025-04-03,0.0,0.09689218074736072,0.039943006668370536,0.027686228712198727
676128,2025-04-04,0.0,0.08928840442795137,0.03680841225746665,0.025513505499326853
676128,2025-04-05,0.0,0.09140320754158943,0.03768022249250088,0.026117794950073353
676128,2025-04-06,0.0,0.10140859067077647,0.041804859609408856,0.028976759662511127
676128,2025-04-07,0.0,0.096247487109275,0.03967723700474558,0.027502012242142375
676128,2025-04-08,0.0,0.09868901283391074,0.04068373595592932,0.02819966027831606
676128,2025-04-09,0.0,0.09554162706208168,0.039386251990738176,0.02730031792011701
676128,2025-04-10,0.0,0.09507043198680191,0.03919200568635292,0.02716567738956406
676128,2025-04-11,0.0,0.08731758162412098,0.035995956724023434,0.024950357364181268
676128,2025-04-12,0.0,0.09092583247277164,0.0374834285364765,0.025981388531775753
676128,2025-04-13,0.0,0.09954475617643022,0.04103650912888322,0.028444182650680775
676128,2025-04-14,0.0,0.0954275953735867,0.03933924336260298,0.02726773420300219
676128,2025-04-15,0.0,0.09952920624265353,0.041030098796246015,0.028439739371360608
676128,2025-04-16,0.0,0.10051581431845309,0.041436819881959665,0.028721655379703035
676128,2025-04-17,0.0,0.1036719472334215,0.04273790978515375,0.029623497169782614
676128,2025-04-18,0.0,0.09506659783121645,0.0391904250871659,0.027164581807777803
676128,2025-04-19,0.0,0.09687033429001618,0.039934000645545344,0.02767998624753412
676128,2025-04-20,0.0,0.10559735625678426,0.043531643860146324,0.030173668650847193
676128,2025-04-21,0.0,0.0995568326950249,0.041041487574605434,0.02844763342713436
676128,2025-04-22,0.0,0.10054473431539669,0.041448741913457536,0.028729919056333705
676128,2025-04-23,0.0,0.10012079985640705,0.041273978410440434,0.028608782899628003
676128,2025-04-24,0.0,0.1024118024747934,0.042218425445873196,0.029263420064192164
676128,2025-04-25,0.0,0.09295280211183954,0.03831903014215177,0.02656058021253938
676128,2025-04-26,0.0,0.09604483778545161,0.03959369648341163,0.0274441066868698
676128,2025-04-27,0.0,0.1058512072345129,0.043636291843275374,0.03024620470250791
676128,2025-04-28,0.0,0.10161231961606221,0.04188884519583411,0.029034973711683815
676128,2025-04-29,0.0,0.10481458082453912,0.043208951109618504,0.029949996322695786
676128,2025-04-30,0.0,0.10425601555655023,0.04297868716002102,0.029790390401547684
676128,2025-05-01,0.0,0.10450902006372775,0.043082986192609314,0.029862684580468046
676128,2025-05-02,0.0,0.09655052692279587,0.03980216268191459,0.02758860364220506
676128,2025-05-03,0.0,0.09732550628769382,0.04012164156763274,0.02781004830139531
676128,2025-05-04,0.0,0.1054967177272307,0.04349015645191537,0.030144911930490733
676128,2025-05-05,0.0,0.10080545800772536,0.04155622311680087,0.02880441893569262
676128,2025-05-06,0.0,0.1029339758009657,0.04243368711599422,0.02941262725536388
676128,2025-05-07,0.0,0.0997791685009778,0.04113314368670132,0.02851116425002474
676128,2025-05-08,0.0,0.1009239473166874,0.041605069362405996,0.028838276385102567
676128,2025-05-09,0.0,0.09039315716648516,0.03726383751120528,0.025829180476951995
676128,2025-05-10,0.0,0.09019585674727726,0.03718250203191989,0.025772803331871055
676128,2025-05-11,0.0,0.09807980457823268,0.04043259485010135,0.028025583495546135
676128,2025-05-12,0.0,0.0929119224623087,0.03830217784198456,0.026548899153058053
676128,2025-05-13,0.0,0.09621937892412769,0.03966564963600112,0.02749398053476753
676128,2025-05-14,0.0,0.0970029301322546,0.0399886621937722,0.027717874535176972
676128,2025-05-15,0.0,0.09616449117097652,0.039643022610030415,0.02747829676260428
676128,2025-05-16,0.0,0.09121346622538233,0.03760200319141727,0.02606357776313274
676128,2025-05-17,0.0,0.09575004205154669,0.039472169360434864,0.0273598709719822
676128,2025-05-18,0.0,0.10595983225130347,0.043681071615353485,0.030277243502909897
676128,2025-05-19,0.0,0.10456740330858291,0.043107054206360094,0.029879367163701827
676128,2025-05-20,0.0,0.10946839406413218,0.04512744744057739,0.03127978926100512
676128,2025-05-21,0.0,0.10964981959558846,0.04520223862761513,0.031331630273555226
676128,2025-05-22,0.0,0.1128497285268168,0.04652137483440046,0.03224598073862728
676128,2025-05-23,0.0,0.10016772732577398,0.041293323874722426,0.02862219207918982
676128,2025-05-24,0.0,0.10265504353976856,0.04231869957950693,0.02933292441124222
676128,2025-05-25,0.0,0.11219738866359372,0.04625245307718763,0.03205957941592023
676128,2025-05-26,0.0,0.10629648110406584,0.04381985234324161,0.030373438438986117
676128,2025-05-27,0.0,0.1071425874253445,0.044168652733245266,0.03061520710334138
676128,2025-05-28,0.0,0.10640535630047813,0.043864735249816454,0.03040454872637676
676128,2025-05-29,0.0,0.1073051604464337,0.044235672127538754,0.03066166114957701
676128,2025-05-30,0.0,0.10159723016333937,0.041882624692733836,0.029030662011441298
676128,2025-05-31,0.0,0.10324955775122632,0.042563783186146106,0.029502802478843876
676128,2025-06-01,0.0,0.11288029227133142,0.04653397448735018,0.03225471410404858
676128,2025-06-02,0.0,0.10536499438741413,0.04343585458565444,0.030107272954004023
676128,2025-06-03,0.0,0.10748926443416237,0.04431156748620236,0.030714267511326408
676128,2025-06-04,0.0,0.10659106635125526,0.043941292694796616,0.03045761400884136
676128,2025-06-05,0.0,0.1071684363178807,0.044179308727144664,0.030622593234453245
676128,2025-06-06,0.0,0.09737952226317237,0.040143909210409445,0.02782548296949418
676128,2025-06-07,0.0,0.09989091239355578,0.04117920918973742,0.028543094246266356
676128,2025-06-08,0.0,0.10980737763223056,0.04526719063571019,0.031376651324833776
676128,2025-06-09,0.0,0.1060051358957193,0.04369974767112027,0.030290188686423344
676128,2025-06-10,0.0,0.10836687494912801,0.04467335522161216,0.030965038267543814
676128,2025-06-11,0.0,0.1073368888987715,0.04424875192173401,0.030670727321700834
676128,2025-06-12,0.0,0.10984302853030171,0.045281887425981666,0.03138683830700489
676128,2025-06-13,0.0,0.09852207835131774,0.040614918584909676,0.028151959976502505
676128,2025-06-14,0.0,0.10069291626624496,0.04150982870709982,0.028772260959989502
676128,2025-06-15,1.0,0.11223758062229176,0.04626902188245043,0.032071063972799047
676128,2025-06-16,0.0,0.10797229389663497,0.04451069241962572,0.12001221727287759
676128,2025-06-17,0.0,0.11102927179642037,0.04577090648121825,0.09157677415212744
676128,2025-06-18,0.0,0.10946797678978777,0.04512727542265197,0.07332576821106732
676128,2025-06-19,0.0,0.1111427314323214,0.045817679285364364,0.06240140208047989
676128,2025-06-20,0.0,0.10047919827928306,0.04142172522018762,0.05166829008864203
676128,2025-06-21,0.0,0.10409174532789528,0.042910968105831414,0.04728230533183221
676128,2025-06-22,0.0,0.11311334920407207,0.04663005029601468,0.04590080244444969
676128,2025-06-23,0.0,0.10750184590983147,0.04431675409633614,0.04132536252448285
676128,2025-06-24,0.0,0.11109382532203008,0.045797518142592857,0.04007814687648836
676128,2025-06-25,0.0,0.11079959081370516,0.045676222380257495,0.038232153771187924
676128,2025-06-26,0.0,0.11214816529417314,0.04623216114694269,0.03724038307580044
676128,2025-06-27,0.0,0.10567175740761706,0.04356231512423519,0.03430743897216733
676128,2025-06-28,0.0,0.10684399109605158,0.04404555884599758,0.03378865753175932
676128,2025-06-29,0.0,0.11852673036563198,0.048861672271769505,0.03645196660176358
676128,2025-06-30,0.0,0.11298486598375611,0.0465770841424379,0.034334045574916754
676128,2025-07-01,0.0,0.11568062436654467,0.04768838842137448,0.03468087195763633
676128,2025-07-02,0.0,0.11372128137759223,0.04688066534744125,0.04705090124536973
676128,2025-07-03,0.0,0.11379775316519741,0.04691219021455329,0.04072446426205599
676128,2025-07-04,0.0,0.10225551447048373,0.0421539969981886,0.03406042355922044
676128,2025-07-05,0.0,0.10513715497034118,0.04334192965502261,0.03304864444451791
676128,2025-07-06,0.0,0.11351771045411563,0.046796744904210506,0.06993241073057385
676128,2025-07-07,0.0,0.10809283028728052,0.04456038255786185,0.055928136178436574
676128,2025-07-08,0.0,0.11133931590009641,0.04589871961954478,0.06375863072474626
676128,2025-07-09,0.0,0.1111783406970497,0.04583235891263178,0.05397291535901774
676128,2025-07-10,0.0,0.11333256700725766,0.04672042103704794,0.04843286992057026
676128,2025-07-11,0.0,0.10365621011271954,0.04273142228624217,0.049326982555618334
676128,2025-07-12,0.0,0.10676760971137102,0.04401407124674961,0.04435655901525791
676128,2025-07-13,0.0,0.11885094941056025,0.048995328913344634,0.04405547806335215
676128,2025-07-14,1.0,0.11359514682902555,0.046828667414526036,0.04002270746506084
676128,2025-07-15,0.0,0.11818475299085571,0.04872069490439311,0.1254501925825327
676128,2025-07-16,0.0,0.11889607443860736,0.04901393133597868,0.09820295214409809
676128,2025-07-17,0.0,0.12084695959734285,0.04981816773878788,0.08124143529367389
676128,2025-07-18,0.0,0.11008592540549099,0.04538201967019969,0.08415973253389183
676128,2025-07-19,0.0,0.1123752856431604,0.04632578964765499,0.07504108681920202
676128,2025-07-20,0.0,0.12315483072020718,0.050769568676812704,0.06648860335474845
676128,2025-07-21,0.0,0.11749761019473708,0.04843742592359626,0.05702728676447662
676128,2025-07-22,0.0,0.11998408001121656,0.04946245270794849,0.052205371732736594
676128,2025-07-23,4.0,0.11898403830327517,0.04905019371758575,0.04787555495293826
676128,2025-07-24,0.0,0.11765734052440119,0.04850327344166947,0.20607962492754953
676128,2025-07-25,0.0,0.10684340968734987,0.04404531916502982,0.1594941844212673
676128,2025-07-26,0.0,0.10813974134723038,0.04457972125749628,0.12930077578445348
676128,2025-07-27,0.0,0.1161992333197031,0.0479021807079605,0.1559447702401094
676128,2025-07-28,0.0,0.11084143466056619,0.045693472162864394,0.1473528210014663
676128,2025-07-29,0.0,0.11285152981820856,0.04652211740200001,0.13229733911695157
676128,2025-07-30,0.0,0.111973699410623,0.04616023901766152,0.10221946010454143
676128,2025-07-31,0.0,0.11381993542573376,0.046921334669489584,0.08366657001039947
676128,2025-08-01,0.0,0.10268982408365401,0.0423330375734052,0.10490010996507161
676128,2025-08-02,0.0,0.10506073798403646,0.043310427379297134,0.10895664914397142
676128,2025-08-03,0.0,0.11617511328591175,0.047892237421896154,0.0887010797148808
676128,2025-08-04,0.0,0.11141175532216176,0.0459285821770421,0.0723159042530339
676128,2025-08-05,0.0,0.11394759733366273,0.04697396224377238,0.06290260719037637
676128,2025-08-06,1.0,0.11467584239827505,0.04727417529757765,0.05595760716539327
676128,2025-08-07,0.0,0.11903194329352225,0.049069942156831595,0.10343118169317939
676128,2025-08-08,0.0,0.11147439162512435,0.04595440347910816,0.11103158135223488
676128,2025-08-09,0.0,0.11462181699259458,0.04725190376727756,0.09499418688495193
676128,2025-08-10,0.0,0.12535893734240386,0.05167819355065836,0.12255425116861815
676128,2025-08-11,7.0,0.12071543770732289,0.04976394891855303,0.09728213991973864
676128,2025-08-12,4.0,0.12618398122756544,0.05201831112415622,0.338052991930831
676128,2025-08-13,2.0,0.12427253250808255,0.05123033206991625,0.42832738727435926
676128,2025-08-14,0.0,0.1257685731947428,0.051847062570380825,0.43029668885759115
676128,2025-08-15,4.0,0.11602187513771854,0.0478290662523764,0.33394137321417455
676128,2025-08-16,0.0,0.12049626474604935,0.04967359666323016,0.47087806697841056
676128,2025-08-17,0.0,0.13361986262077719,0.05508369222904336,0.3686257505615998
676128,2025-08-18,0.0,0.12713745609930605,0.05241137331830129,0.29062110969196814
676128,2025-08-19,0.0,0.13179579193785135,0.05433173405357757,0.2510156155915528
676128,2025-08-20,0.0,0.1320468775152452,0.05443524202310428,0.22221325032542882
676128,2025-08-21,2.0,0.13443135103699747,0.05541822167167101,0.208466187412809
676128,2025-08-22,0.0,0.12352550074243442,0.05092237435272367,0.23430748830681095
676128,2025-08-23,0.0,0.12606351166142107,0.05196864853377251,0.18832863726851032
676128,2025-08-24,0.0,0.1420603246780588,0.05856320347172236,0.16641202762133878
676128,2025-08-25,0.0,0.13816305630806214,0.05695658655701899,0.1409517626972751
676128,2025-08-26,0.0,0.13980598795137414,0.05763387164935887,0.11796632782750693
676128,2025-08-27,0.0,0.14031774865445787,0.05784484080103048,0.13403542464410562
676128,2025-08-28,0.0,0.1393060959245338,0.05742779526210516,0.1131031141220895
676128,2025-08-29,0.0,0.12694709738067675,0.05233289949813392,0.09825006026722749
676128,2025-08-30,0.0,0.13060243527166843,0.05383978255751851,0.08755197089933613
676128,2025-08-31,0.0,0.14086242684852834,0.05806937991832623,0.09500362475046323
676128,2025-09-01,0.0,0.13247843629973535,0.05461314859176363,0.0798716933020322
676128,2025-09-02,14.0,0.13327338218439266,0.05494085851145935,0.06738438628401486
676128,2025-09-03,0.0,0.12837159016290206,0.05292013496193084,0.5683479112923825
676128,2025-09-04,0.0,0.13069135739334295,0.05387643997271564,0.4681374931894545
676128,2025-09-05,2.0,0.11697184101121862,0.04822068189078251,0.3652866521553551
676128,2025-09-06,0.0,0.11715947603265883,0.04829803288912724,0.3960060624784584
676128,2025-09-07,0.0,0.12687877934689581,0.052304735949147474,0.35326984664815314
676128,2025-09-08,0.0,0.12077497747765789,0.04978849370044544,0.27574347599186294
676128,2025-09-09,0.0,0.1244786650746179,0.051315308529483794,0.22184447422066506
676128,2025-09-10,0.0,0.12245655981268423,0.0504817122233777,0.20685009161630877
676128,2025-09-11,0.0,0.12359111976649989,0.050949425257095955,0.16593703702432164
676128,2025-09-12,0.0,0.11493865659865823,0.0473825182957172,0.13362604930509528
676128,2025-09-13,0.0,0.11929667916750226,0.04917907734914719,0.12923523694383676
676128,2025-09-14,1.0,0.1316839363891619,0.05428562252122548,0.11763673664085399
676128,2025-09-15,1.0,0.12736068847825033,0.05250339903525792,0.15028393284205321
676128,2025-09-16,0.0,0.13083822758720015,0.05393698600529922,0.17976520922739841
676128,2025-09-17,0.0,0.13245318827384453,0.05460274030020964,0.14109182215890334
676128,2025-09-18,0.0,0.1326688871263868,0.054691660382707535,0.11497316106931345
676128,2025-09-19,0.0,0.11951915008913809,0.04927078916157495,0.09287693349332683
676128,2025-09-20,5.0,0.1216323007401777,0.05014191818245877,0.0801455051458361
676128,2025-09-21,11.0,0.13293354516320222,0.05480076348729055,0.28764231287197556
676128,2025-09-22,0.0,0.12642383263038076,0.052117187897371284,0.9978957075848337
676128,2025-09-23,6.0,0.13195301231968004,0.054396546866245725,0.7816352139475687
676128,2025-09-24,0.0,0.13150847828564932,0.05421329135740437,0.8995563313715853
676128,2025-09-25,3.0,0.13475312968071756,0.05555087227786764,0.6638947286920727
676128,2025-09-26,0.0,0.12374638873037062,0.051013433613719184,0.7103273601111674
676128,2025-09-27,27.0,0.1255907720876624,0.05177376552255945,0.5223375932226777
676128,2025-09-28,0.0,0.13904169896935994,0.05731879978628712,2.05156730575529
676128,2025-09-29,8.0,0.13363569422059976,0.05509021867619736,1.4309566652959091
676128,2025-09-30,0.0,0.13641546514463906,0.056236156436076594,1.4828675294541307
