interval_start,train_end,test_start,test_end,test_rows,Global Poisson,Rolling Poisson,Rolling Seasonal,Personalized Gamma-Poisson,Scaled-baseline Hawkes,Scaled-baseline Hawkes_alpha_norm,Scaled-baseline Hawkes_c,Scaled-baseline Hawkes_m_u_mean,Joint Hawkes (λ_u + α),Joint Hawkes (λ_u + α)_alpha_norm,Joint Hawkes (λ_u + α)_m_u_mean,Joint Hawkes (λ_u + α)_lambda_median,Pooled Hawkes (c·b_t + α^T s),Pooled Hawkes (c·b_t + α^T s)_alpha_norm,Pooled Hawkes (c·b_t + α^T s)_c,Pooled Hawkes (c·b_t + α^T s)_m_u_mean,GBDT (experimental),n_days,m_idx
2025-01-22,2025-01-31,2025-02-01,2025-02-05,45492,0.3409082016068544,0.3409077761618347,0.3412493726368153,0.31724193711904825,0.3172419371146086,0.0,0.9999999850749044,0.977556559547047,0.3063207577956113,0.054563880984265824,0.7935599029183416,0.5706173055596722,0.2986025418833714,0.08271761914220233,0.31007030331531077,0.31007030331531077,0.29320738604212326,15,0
2025-01-29,2025-02-07,2025-02-08,2025-02-12,46187,0.3647784883987659,0.3644769893024209,0.36450622863323234,0.3399523661910891,0.33995236603661616,0.0,1.0000000248754002,0.9949059432929923,0.32543262666892714,0.05447104093138491,0.7911785539910609,0.5644983651309561,0.318909463215192,0.0782863497677927,0.2952906543183412,0.2952906543183412,0.3116889235864359,15,1
2025-02-02,2025-02-11,2025-02-12,2025-02-16,46463,0.37751963724373344,0.3770918998982747,0.3770360989508879,0.35965824061115487,0.3596582407238265,0.0,0.9999998835588116,1.0334689646761257,0.3433831062305375,0.058775974935084165,0.7987662132648429,0.5651220077757858,0.3374033900041672,0.08002416761884204,0.31032826662382745,0.31032826662382745,0.3310667694362972,15,2
2025-02-14,2025-02-23,2025-02-24,2025-02-28,47059,0.38147481557752744,0.3815198920614226,0.3819197793899134,0.35635756570346483,0.3563575655106319,0.0,1.0000000418062898,0.9998454702521694,0.34102515520369636,0.06292711086920796,0.774548796822682,0.5155770645609852,0.3331260713714337,0.07706444603087131,0.30927857633711653,0.30927857633711653,0.32396546952833033,15,3
2025-02-21,2025-03-02,2025-03-03,2025-03-07,47267,0.37936223629505716,0.3794557894719135,0.37983918347238294,0.3602408037150937,0.3602408054677044,0.0,1.0000002340947798,1.0323938747798524,0.3415489894891426,0.06359450082714954,0.7695704324586351,0.5156816176623801,0.3352737256394516,0.08702519383243686,0.3032848213050048,0.3032848213050048,0.329356465345448,15,4
2025-03-02,2025-03-11,2025-03-12,2025-03-16,47514,0.40965063998961376,0.40974152478594245,0.41213333300011373,0.37633654481873285,0.3763365440384126,0.0,1.0000000435171605,0.9796182827958919,0.3634827776511985,0.051697671696038304,0.7643456330981607,0.5015648417323808,0.3552594567117409,0.07450994414247535,0.3019514089115691,0.3019514089115691,0.34045151516349176,15,5
2025-03-07,2025-03-16,2025-03-17,2025-03-21,47677,0.3723585182460761,0.37261362289222383,0.3729746277347799,0.3452800451081925,0.34528004093065096,0.0,0.9999996220555357,1.0184719785433698,0.3294052858686309,0.05526529187024472,0.7664562850617095,0.5023930193392243,0.3214372418077176,0.0789943121769258,0.3013225887913763,0.3013225887913763,0.31344229603278967,15,6
2025-03-18,2025-03-27,2025-03-28,2025-04-01,47964,0.36356283737270956,0.3637209160171096,0.36336617553994377,0.33787800855807304,0.3378780084366234,0.0,1.0000000209410502,0.9509432558059787,0.3236637810882154,0.05688621328893232,0.7458408466934078,0.4970234953754107,0.3181090253083807,0.08317834601030315,0.2775096836527306,0.2775096836527306,0.30582643505067436,15,7
2025-03-21,2025-03-30,2025-03-31,2025-04-04,48014,0.360109668886796,0.36022212927819364,0.3602259134597297,0.3375851462714578,0.33758514639238857,0.0,0.9999999871975507,0.9601894874067917,0.3206949118120991,0.053804727276909506,0.7572838566106066,0.5085862044152155,0.3133265254741649,0.08153466757257313,0.29573902958597653,0.29573902958597653,0.3041294782074619,15,8
2025-03-26,2025-04-04,2025-04-05,2025-04-09,48110,0.36634657716957114,0.36630446706158587,0.36685881710808504,0.3337070863177137,0.3337070864918579,0.0,1.0000000294941727,0.9803700135062977,0.3257929476650937,0.055211678622489005,0.7731167124790168,0.5356149116723922,0.3191793557701805,0.0770155207964753,0.29416838855684735,0.29416838855684735,0.3041929517493231,15,9
2025-04-04,2025-04-13,2025-04-14,2025-04-18,48308,0.3778095235645735,0.3777608872474108,0.378087139347018,0.3562661687804285,0.35626616905064795,0.0,0.9999999495127697,1.0043327799345436,0.34041669740287206,0.0587725527931914,0.7700934176105082,0.5241889290041027,0.3348163498342333,0.08890557201129125,0.29528398605482437,0.29528398605482437,0.32218905447970836,15,10
2025-04-07,2025-04-16,2025-04-17,2025-04-21,48366,0.3691979569756915,0.3692894131654492,0.36943874413035704,0.3433076456075205,0.3433076453431504,0.0,0.9999999730469563,1.0248809846128093,0.3331337610460763,0.05757221329234512,0.7804115354692582,0.5279520219280937,0.32589913033177365,0.07963921074673015,0.3299600177437061,0.3299600177437061,0.3151149976683882,15,11
2025-04-17,2025-04-26,2025-04-27,2025-05-01,48576,0.3923276545615825,0.39224612427462574,0.3923103215736936,0.36156236432244043,0.36156236432245437,0.0,0.9999999986817671,0.9973505958234166,0.3476220018106932,0.057089407222922155,0.7617151495248243,0.5064903650263344,0.34090284370877144,0.07891260776145523,0.2831380603202593,0.2831380603202593,0.3322125579734127,15,12
2025-04-21,2025-04-30,2025-05-01,2025-05-05,48663,0.3679453476971762,0.3679414456535679,0.36793060818647494,0.3372487466588595,0.3372487465357802,0.0,0.9999999574498972,1.0196533445115015,0.32544003541461497,0.05934517146974967,0.7641617038566689,0.5039552619722429,0.31929867846597926,0.08107380278112897,0.2821715727599415,0.2821715727599415,0.3094127826256072,15,13
2025-04-28,2025-05-07,2025-05-08,2025-05-12,48755,0.3541997162043788,0.35401935888083835,0.35381366441192924,0.32027024897253914,0.32027024897251344,0.0,0.9999999998962353,0.9878665014881423,0.30983196829275383,0.05730428076650457,0.7573766627299514,0.502231433989763,0.3032007448049798,0.08216301202863878,0.2711678870764112,0.2711678870764112,0.2961720835395457,15,14
2025-05-02,2025-05-11,2025-05-12,2025-05-16,48839,0.3874500512096612,0.3874693244627464,0.38783256521258247,0.3630593422551091,0.36305934241768917,0.0,0.9999999875709795,0.9506389320235045,0.344070086412936,0.054747682341122594,0.7490629357264943,0.5049444427580468,0.3385890709779788,0.08189188829336563,0.2532929274950581,0.2532929274950581,0.3258073505616493,15,15
2025-05-09,2025-05-18,2025-05-19,2025-05-23,48921,0.39822976203823457,0.3980635881342746,0.3989152362061981,0.37138760580488295,0.3713876009697687,0.0,0.9999994165345284,1.0392883041454273,0.3536923194242085,0.06143773663471316,0.7753001568353552,0.5216766403990486,0.3453487905766053,0.08499746213971297,0.31219662789088587,0.31219662789088587,0.3375427728015327,15,16
2025-05-12,2025-05-21,2025-05-22,2025-05-26,48979,0.38678637852148584,0.3868500687618774,0.38715770162901625,0.3577293337498076,0.3577293338010031,0.0,1.0000000031129774,1.0773660330918382,0.34396557543187695,0.06171578166341512,0.7809399623303862,0.5112368307461196,0.3365016510001899,0.08317551105563188,0.33718502220420454,0.33718502220420454,0.32236668260490053,15,17
2025-05-15,2025-05-24,2025-05-25,2025-05-29,49015,0.420702440148144,0.42074481378229245,0.4205949500481149,0.38756564883318645,0.38756564877723426,0.0,0.9999999595989368,1.0222868356346995,0.3732619991103349,0.05711427868381467,0.7563095771995344,0.47918724043566213,0.3663209443586707,0.08030306552380742,0.29995412702335295,0.29995412702335295,0.35450646213910236,15,18
2025-05-26,2025-06-04,2025-06-05,2025-06-09,49124,0.39394851722802027,0.3939495609932796,0.3936240160648002,0.3600064188994347,0.3600064188896951,0.0,1.0000000024107645,0.9980203775353749,0.3471761317762409,0.05671876148033399,0.7523697480434673,0.47892317615072033,0.34117303280501593,0.0784250531052398,0.28595506217009964,0.28595506217009964,0.33157066952763015,15,19
2025-05-31,2025-06-09,2025-06-10,2025-06-14,49162,0.39402438663825784,0.39394244266577116,0.3943225237054982,0.38666950553351837,0.38666950557298313,0.0,0.9999999733278452,0.9843095530610771,0.3645061340193545,0.055209546860744176,0.7503556157936841,0.48025545598942837,0.3582580965969592,0.07872969601212783,0.28300066501813487,0.28300066501813487,0.34948025473595845,15,20
2025-06-04,2025-06-13,2025-06-14,2025-06-18,49194,0.40601440762295177,0.40597307143794714,0.40608003439826135,0.3871022494247852,0.38710224886981703,0.0,1.0000001681338093,1.0134824508355693,0.3706875555061516,0.051892523018403754,0.7621721021579096,0.4797218694993061,0.36230667284974943,0.07451094653877983,0.31663377833946954,0.31663377833946954,0.35103289690010914,15,21
2025-06-09,2025-06-18,2025-06-19,2025-06-23,49212,0.39590024601711377,0.3959189805080575,0.39603903580781524,0.3653142876009367,0.3653142875874891,0.0,0.9999999885734969,1.0168144840642777,0.35463306904264674,0.0441140001684283,0.7636654151971115,0.46601152847340443,0.3488916187783055,0.0700585339560753,0.32544716473884,0.32544716473884,0.33733101650301994,15,22
2025-06-10,2025-06-19,2025-06-20,2025-06-24,49219,0.40366297098532616,0.4036831984472755,0.4037758305110988,0.37584266176304726,0.37584266176709463,0.0,0.9999999928359213,1.0162311377245623,0.362465063859591,0.04109822878068661,0.7634823151289054,0.47086321028420836,0.35603215488956713,0.06689044612661132,0.32130195855550475,0.32130195855550475,0.34330294659110433,15,23
2025-06-12,2025-06-21,2025-06-22,2025-06-26,49233,0.4258546703481485,0.4256963018695077,0.42566746944182665,0.39591246229960103,0.3959124623585446,0.0,0.9999999891907051,0.9960201260197786,0.37970178913609126,0.04179394905856345,0.7593246266997064,0.4720056270274346,0.3710092643705924,0.06848003254114317,0.3177934567324913,0.3177934567324913,0.3568921527348072,15,24
2025-06-17,2025-06-26,2025-06-27,2025-07-01,49251,0.39740109917881267,0.3974425598331673,0.3974856806426881,0.368474510747786,0.36847451115768515,0.0,1.0000000723331168,1.0317236394853586,0.3535944828739799,0.053833577856860555,0.7547314022855031,0.4676173532149044,0.3469939693266924,0.08056331124388187,0.30708442521052753,0.30708442521052753,0.3359884896525399,15,25
2025-06-19,2025-06-28,2025-06-29,2025-07-03,49261,0.4073122692005345,0.40733922913290893,0.4074589926403144,0.37889428876811,0.37889429295887683,0.0,1.0000005798608225,1.0105798947342706,0.3643006869720038,0.05332133010295257,0.7517041854186048,0.46308234865787845,0.35674246293552686,0.07841941236466762,0.3018638048699037,0.3018638048699037,0.3438102986594699,15,26
2025-06-25,2025-07-04,2025-07-05,2025-07-09,49327,0.40368246739680275,0.4037048396579718,0.40371621434513716,0.3760945631756046,0.3760945630091321,0.0,1.000000053212687,1.0039403601389518,0.360092873362776,0.05515689890868786,0.742038801798289,0.4522745086405542,0.3549595093256114,0.08045784790814359,0.2788863923868924,0.2788863923868924,0.3472667100842621,15,27
2025-06-30,2025-07-09,2025-07-10,2025-07-14,49354,0.41950982683607163,0.4194006716509571,0.4194479507544563,0.39180119699451094,0.3918011971099904,0.0,0.9999999771168389,0.9977475964866097,0.37610290576441247,0.055587365979663496,0.742501486422745,0.4550981500080415,0.36915470864006944,0.08229141182715939,0.2874597801738464,0.2874597801738464,0.35769214929787635,15,28
2025-07-09,2025-07-18,2025-07-19,2025-07-23,49404,0.4163538257919928,0.41635806820430216,0.41632403913395816,0.3887088642132925,0.38870886420307665,0.0,0.999999998649789,1.0304644297747705,0.37195653655295363,0.048823974912405754,0.7530223153889474,0.4408153110601353,0.36377975077491465,0.07518376304791587,0.3232069310733827,0.3232069310733827,0.35528696836864787,15,29
2025-07-21,2025-07-30,2025-07-31,2025-08-04,49471,0.40232799289552335,0.40224877511001744,0.40222152039191905,0.37752127976631406,0.3775212795117695,0.0,1.0000000958186381,0.9935967554303168,0.3642049858801286,0.048019378615572844,0.7480353281733092,0.4391014193237686,0.35675197223974237,0.07418077921906809,0.3215344184080438,0.3215344184080438,0.3462325618476088,15,30
2025-07-28,2025-08-06,2025-08-07,2025-08-11,49475,0.4275715323834773,0.4275597237637899,0.42751826533478027,0.4032285637955622,0.40322856328079704,0.0,1.0000003722146331,1.0507909051563011,0.3851495504552388,0.049993244899994876,0.7568042291269446,0.4451717647641334,0.3774615074483876,0.07590954129498378,0.3362914741209892,0.3362914741209892,0.36629683003711905,15,31
2025-07-29,2025-08-07,2025-08-08,2025-08-12,49476,0.4296078757304548,0.42950881569673677,0.4291547016219121,0.40754682971035844,0.40754682972360357,0.0,1.0000000028581668,1.0515959365114027,0.38686490621405656,0.04905537061938966,0.7612250506447711,0.4583119079965889,0.3787392539078614,0.07547869943391577,0.33224400678596266,0.33224400678596266,0.3649000723054589,15,32
2025-08-02,2025-08-11,2025-08-12,2025-08-16,49487,0.4542651598528696,0.45420190289120116,0.4541648821716883,0.43458925166902723,0.4345892515303642,0.0,0.9999999599040623,1.0423078426736525,0.4092434698459417,0.047657181467592076,0.7495225718184548,0.4382505219391758,0.39989007347288436,0.07355659717868632,0.31467596347720256,0.31467596347720256,0.38848822661067445,15,33
2025-08-05,2025-08-14,2025-08-15,2025-08-19,49488,0.45566163879675087,0.4556001237046811,0.4555365074197782,0.42919746777504353,0.4291974677886586,0.0,0.9999999577681866,1.0627157979624788,0.40751296158597444,0.05271762438362341,0.7456534676608226,0.42168503842286775,0.4012483707670259,0.076056380802144,0.3209687991406095,0.3209687991406095,0.3904092820161826,15,34
2025-08-14,2025-08-23,2025-08-24,2025-08-28,49455,0.4813175442695889,0.4812659950059813,0.48176423751234093,0.455052093445002,0.4550520937138231,0.0,1.0000000302209968,1.031451688110746,0.4325718476514364,0.04896139473244491,0.7168585979504015,0.36004271523530457,0.425182474486024,0.07868104196797002,0.3161583877813871,0.3161583877813871,0.412761699560441,15,35
2025-08-18,2025-08-27,2025-08-28,2025-09-01,49451,0.457430897419003,0.45723040861731634,0.45732441241715355,0.4315148967695946,0.4315148966524605,0.0,0.9999999898189443,1.0340637579093863,0.4120344668610266,0.04999697115293752,0.7196817976891161,0.3556895808727404,0.4046348500445142,0.08006328044063393,0.3145686749192248,0.3145686749192248,0.3911768353384553,15,36
2025-08-20,2025-08-29,2025-08-30,2025-09-03,49439,0.44228876766910646,0.44207147760013826,0.4422600056006297,0.4225537870400399,0.42255378710852476,0.0,1.0000000060561351,1.0142559347594458,0.40216370980630184,0.04796867545622085,0.7140717686320662,0.35006986327732603,0.39509426736194087,0.078277191960783,0.3073259109749474,0.3073259109749474,0.38285050888490435,15,37
2025-09-04,2025-09-13,2025-09-14,2025-09-18,49253,0.4512571793965897,0.4511703856218841,0.4514871568171764,0.43119902150000017,0.4311990214438933,0.0,0.9999999781216726,1.0024737346416341,0.409552862919399,0.05470386867160382,0.7232422607893673,0.39926384144987453,0.4007537179594524,0.08501381846834877,0.27889838023644253,0.27889838023644253,0.39003483170875247,15,38
2025-09-11,2025-09-20,2025-09-21,2025-09-25,49137,0.4707428388205945,0.4707022026125353,0.47089258318286265,0.44606144013072263,0.44606144017144067,0.0,0.9999999910679982,1.0089229090667415,0.4251089762827149,0.04927394389566377,0.7248089337075904,0.3686662579644514,0.41628306738288473,0.07547339573113518,0.304646812712363,0.304646812712363,0.40636865029714064,15,39
2025-09-16,2025-09-25,2025-09-26,2025-09-30,48963,0.4556753134330151,0.4556746949771619,0.4557494986459198,0.42149159453886637,0.4214915930228531,0.0,0.9999997675846455,1.0196810484368042,0.40758641507828475,0.050754971811666584,0.7335325004568857,0.37966253041421616,0.4014023802226496,0.07972095163196415,0.3241888921855617,0.3241888921855617,0.38755089020709227,15,40
2025-09-17,2025-09-26,2025-09-27,2025-10-01,48923,0.4602760890440209,0.46023700633113634,0.46045848560444963,0.4230945829474545,0.42309458318152726,0.0,1.0000000470755275,1.0044041311253018,0.41173975487124115,0.04702638679467505,0.7264481580378481,0.3693838109347184,0.40547764921525903,0.07883188804204669,0.322293001525398,0.322293001525398,0.3925547046534695,15,41
2025-09-24,2025-10-03,2025-10-04,2025-10-08,48516,0.4553678807299623,0.4554965800609865,0.45532343849426055,0.42416498525214913,0.4241649850787263,0.0,1.0000000392617487,0.9741081946934567,0.4098019408377361,0.04843640448190154,0.7035234442696806,0.34256859432409825,0.4020950698554876,0.08343342160647957,0.2864300526187399,0.2864300526187399,0.39185207783176496,15,42
2025-10-02,2025-10-11,2025-10-12,2025-10-16,47553,0.4327922469203908,0.435287690222208,0.43816065587494685,0.41539859127654094,0.4153985910833328,0.0,0.9999999839676034,1.011752639140148,0.4027979372140644,0.05034012119682792,0.7353373105621627,0.3793633611043948,0.3939800687053061,0.08258980097516494,0.3173894540904449,0.3173894540904449,0.3771292224301887,15,43
2025-10-04,2025-10-13,2025-10-14,2025-10-18,47113,0.5006078806375651,0.5005741563407005,0.4989950465734172,0.47158285364752683,0.4715828545531885,0.0,0.9999999526857154,0.942025721330289,0.45868124461369947,0.041301086964890106,0.7248488685727151,0.3788630641459744,0.45016606561110084,0.07753557523561719,0.3227084487283484,0.3227084487283484,0.4958810300028245,15,44
2025-10-06,2025-10-15,2025-10-16,2025-10-20,46627,0.420863347960994,0.42229659378412365,0.43151758354698705,0.406771907140262,0.4067719065384587,0.0,0.9999997519521345,1.0004315393950984,0.3926366785826,0.04553308001069663,0.7409186122859556,0.38926892826201237,0.3842671194637016,0.08073333200795485,0.3418854152122993,0.3418854152122993,0.4010495600251386,15,45
2025-10-08,2025-10-17,2025-10-18,2025-10-22,46020,0.43166296889082223,0.43288626569903854,0.5027992510036381,0.4804695696251121,0.4804695696208015,0.0,1.000000008851023,1.0115366373594825,0.43187053797370345,0.03760636808275469,0.7586323649072201,0.39590390667158165,0.40285876075721905,0.07805037909821036,0.3967491553723989,0.3967491553723989,0.4538598709646202,15,46
2025-10-09,2025-10-18,2025-10-19,2025-10-23,45608,0.4279660342845609,0.4291280256746386,0.5001121476116077,0.48154705680870147,0.4815470565553254,0.0,0.9999999109033311,1.0210641371306237,0.4303746360240397,0.036751229087477376,0.7638560555761815,0.3977656337832535,0.4001213186666155,0.07801130650671294,0.41061441964006723,0.41061441964006723,0.44474139890212544,15,47
2025-10-11,2025-10-20,2025-10-21,2025-10-25,44496,0.494303839199102,0.4927683315421329,0.4922079855403981,0.47367030620716094,0.47367030625163575,0.0,1.0000000062714602,0.9545819878167665,0.45260125417633856,0.0324540983277711,0.7336848876414229,0.38073658307934544,0.44434593373128983,0.07299545932326278,0.36538511072411384,0.36538511072411384,0.44700861296861316,15,48
2025-10-13,2025-10-22,2025-10-23,2025-10-27,42765,0.49495595443906415,0.49294560581476543,1.215538561900187,1.1970333643708027,0.9282503777562255,0.0,0.9999990836602446,0.9647356801058077,0.5261297305274817,0.021982912576041583,0.7521437363230573,0.3822645574978388,0.4585549750787298,0.07130195720589448,0.42424181044751497,0.42424181044751497,0.5727934487310149,15,49
2025-02-16,2025-03-01,2025-03-02,2025-03-08,66173,0.37741416294549013,0.3776071507283824,0.3779093751871614,0.345491536507948,0.3454915367982838,0.0,1.000000048824546,1.0107974163358064,0.3347483606264152,0.053521507951083826,0.6968288283635612,0.3118265369180649,0.3307135227318201,0.07649385601595407,0.3098790685355449,0.3098790685355449,0.3202755186808922,21,0
2025-02-25,2025-03-10,2025-03-11,2025-03-17,66524,0.3928128004963555,0.39298489852428736,0.3939913627271841,0.3575092524866426,0.3575092524981879,0.0,0.9999999963742484,1.0093090241876363,0.3475229672602773,0.05172648377291172,0.6965138053041945,0.31604446200349046,0.343864296581136,0.0797584866506138,0.29962175646065037,0.29962175646065037,0.3309572317394781,21,1
2025-02-26,2025-03-11,2025-03-12,2025-03-18,66568,0.3983075269182275,0.3985050952533083,0.39933788228744604,0.3575888537058479,0.3575888550747932,0.0,0.9999997261203153,0.9945735495655305,0.35030180860489113,0.05084624934935059,0.6955639841576571,0.3140854707995808,0.3453361634677447,0.07680856912683558,0.29833173523998235,0.29833173523998235,0.33297542708182454,21,2
2025-02-28,2025-03-13,2025-03-14,2025-03-20,66655,0.4016328576896016,0.4017735190283039,0.4025812419134521,0.36135772746556555,0.3613577274660462,0.0,0.9999999998575573,0.9903008823718369,0.35127719258947343,0.052103918274145504,0.6963835550609019,0.317278886012304,0.34504174831251,0.07563798359854138,0.29368832218675195,0.29368832218675195,0.3350825045507463,21,3
2025-03-03,2025-03-16,2025-03-17,2025-03-23,66787,0.37855614709486024,0.37871854484632256,0.3788422143441627,0.343272156781092,0.3432721550749519,0.0,0.9999997049968298,1.0090515540340235,0.3323007937066704,0.050658890160805006,0.6995670136159765,0.3184697066271877,0.32787766361423987,0.07714531268344348,0.3003123603708767,0.3003123603708767,0.31979504081824284,21,4
2025-03-05,2025-03-18,2025-03-19,2025-03-25,66876,0.37863082091280437,0.3787212374029258,0.3787432334922031,0.3379055365967151,0.33790553640511234,0.0,0.9999999121706404,0.9922677251794664,0.3294330027599604,0.05179063227596605,0.6767188877713032,0.28946940893764195,0.3260699946242058,0.0761202770766877,0.28834053680689764,0.28834053680689764,0.3189031625595559,21,5
2025-03-06,2025-03-19,2025-03-20,2025-03-26,66921,0.3698200317926242,0.3698930487595538,0.36995010351609126,0.3314511535645716,0.3314511531054712,0.0,0.9999998879684571,0.9925208261228683,0.32322404323134396,0.05157340063198115,0.6788632552480924,0.29413378375369614,0.32033064709469183,0.07826149066525406,0.2907078912307429,0.2907078912307429,0.31252873262411934,21,6
2025-03-13,2025-03-26,2025-03-27,2025-04-02,67150,0.36202495708796006,0.3619653600826172,0.36214079668778965,0.33139033968404913,0.3313903398710888,0.0,0.9999998880807822,0.9944926226316182,0.3197663244597838,0.0562689296275904,0.6693038787124158,0.2922233859641893,0.3150487852383182,0.08549223059576641,0.2844086557675396,0.2844086557675396,0.30434749283120116,21,7
2025-03-28,2025-04-10,2025-04-11,2025-04-17,67571,0.3810343146695942,0.3809028912882887,0.38102514205579785,0.35177911218281716,0.35177911282693214,0.0,0.9999998645528786,1.0015960633425902,0.3406448108760733,0.05476017906196535,0.7069418816386105,0.35966888886270415,0.3371546523408394,0.08402215703606697,0.2943643181235324,0.2943643181235324,0.3257120900170445,21,8
2025-04-02,2025-04-15,2025-04-16,2025-04-22,67720,0.3737583697094931,0.3737928076784608,0.37386301381708015,0.34464900172387636,0.344649001746013,0.0,1.0000000067447754,1.0163941863964954,0.3342822540842364,0.055266782429348835,0.7091421099264569,0.35172709923429024,0.330039045105041,0.08164491699987655,0.3080776438231492,0.3080776438231492,0.3185577095204929,21,9
2025-04-04,2025-04-17,2025-04-18,2025-04-24,67777,0.37763560170644095,0.37768600249056783,0.37781688777718925,0.34397543844872003,0.34397543842041967,0.0,0.9999999877271418,1.0160755570331552,0.33563298453150053,0.05492800203088544,0.7085527363312191,0.34576592144776214,0.3299894842668172,0.08414140548961598,0.30606988657918943,0.30606988657918943,0.31801190860258577,21,10
2025-04-05,2025-04-18,2025-04-19,2025-04-25,67808,0.38149022831414386,0.3815211531197547,0.3817120007980852,0.34493656962583036,0.3449365701227621,0.0,1.0000004218681318,1.0194067786343177,0.3377948478053682,0.054808369547151056,0.7100858783964855,0.3429538289682266,0.3326566228619126,0.08198598384337985,0.30961331779795814,0.30961331779795814,0.3197535882292802,21,11
2025-04-11,2025-04-24,2025-04-25,2025-05-01,67976,0.3887294090224332,0.38869574766243586,0.38871874358161934,0.35133108906119753,0.35133108904857796,0.0,0.9999999748361456,1.0222316821600754,0.34154570916994925,0.05316962783109299,0.7061426058529602,0.3296967353942774,0.337028067597269,0.07721603549508159,0.30635417243996976,0.30635417243996976,0.32508989363965246,21,12
2025-04-13,2025-04-26,2025-04-27,2025-05-03,68039,0.38069236962717934,0.3807067308221092,0.3805835865833413,0.34660415868696787,0.3466041580782153,0.0,0.9999998190757725,1.0191693183183324,0.33522969008730674,0.05389537677430634,0.7015916881886015,0.3253241012775863,0.3309422040436916,0.07769918597610906,0.3014041001306324,0.3014041001306324,0.3182609422149933,21,13
2025-04-16,2025-04-29,2025-04-30,2025-05-06,68127,0.37122271444085936,0.3712514812611247,0.37127892670681806,0.33496210797405973,0.3349621053854872,0.0,0.9999993149657046,1.0033553181616017,0.3253736086299527,0.052573492832871535,0.6840796983362935,0.29759667283389796,0.3210464723583706,0.07804431253545215,0.2921671572090931,0.2921671572090931,0.3110794444161999,21,14
2025-04-20,2025-05-03,2025-05-04,2025-05-10,68197,0.3601015524670811,0.3598577645837843,0.35978054729405556,0.3210890586536722,0.32108905831089124,0.0,0.9999999334450157,1.0015791959999563,0.31427154323110906,0.05467115135654555,0.6786490025186405,0.29517899001425635,0.3099520587770317,0.08015703081249331,0.28600832359279516,0.28600832359279516,0.30076760277923964,21,15
2025-04-23,2025-05-06,2025-05-07,2025-05-13,68262,0.36661347853735254,0.3665468560611573,0.36645208929047507,0.327579000143199,0.3275790002021215,0.0,0.9999998743824445,0.9948868536594231,0.31968830952321065,0.05464754034875573,0.6855405135553736,0.31210799903829217,0.3160468462998666,0.0818933521214666,0.27626054367556,0.27626054367556,0.3079254848172504,21,16
2025-04-29,2025-05-12,2025-05-13,2025-05-19,68407,0.3979737355290781,0.397840301475522,0.39764825556989997,0.37027408020807084,0.37027408044007315,0.0,0.9999999780368612,0.9817084345988842,0.35447398640617,0.05452039787761396,0.6835019045613194,0.32657327329880254,0.3511711217466113,0.0848646027604862,0.26079906429418487,0.26079906429418487,0.3393087460953245,21,17
2025-05-02,2025-05-15,2025-05-16,2025-05-22,68456,0.3968770252961325,0.39643788100791333,0.3966440298289731,0.3680094945102715,0.368009495203904,0.0,0.9999997704265234,0.9964011203073865,0.35484605360201005,0.057160973813151085,0.6932864430954313,0.3385038868793586,0.35126824993976724,0.08640727203364654,0.2796868153535221,0.2796868153535221,0.33967644132293573,21,18
2025-05-17,2025-05-30,2025-05-31,2025-06-06,68728,0.39066299212616645,0.3907080605779336,0.3906627265758183,0.35714854768735943,0.3571485477706408,0.0,1.0000000266814144,1.0188978884969215,0.34752048108723504,0.05506297572880404,0.6706566622297476,0.2617466327462729,0.3408961796315363,0.08245306641718107,0.29862998887003944,0.29862998887003944,0.32805427414268723,21,19
2025-05-21,2025-06-03,2025-06-04,2025-06-10,68776,0.3941367577855277,0.39413110416160324,0.39384671131329296,0.36380256480868217,0.3638025656666771,0.0,0.9999997251131315,0.98292754262464,0.35121380989735984,0.053262163118338646,0.6763547479329602,0.2825712930927047,0.34598780343181956,0.08259291884525673,0.2723857983671437,0.2723857983671437,0.33670708823593837,21,20
2025-05-22,2025-06-04,2025-06-05,2025-06-11,68785,0.3970333501520745,0.3970114184191418,0.3966982573265788,0.36333250615814955,0.3633325061974604,0.0,0.9999999915267686,0.9815674345896981,0.3526023101909874,0.05254564982820205,0.6767908980765962,0.28124490144945885,0.34830828796067087,0.08057503644633646,0.2790466234362368,0.2790466234362368,0.337664261285869,21,21
2025-05-27,2025-06-09,2025-06-10,2025-06-16,68839,0.397943001286721,0.3979107064615864,0.3981893784876907,0.37785784123282706,0.37785784157753105,0.0,0.9999998758963324,1.0019862465048368,0.36553669087732815,0.05536548313774136,0.6815585457753017,0.2865450639237101,0.36082181959701376,0.08123022740515459,0.2865150805344547,0.2865150805344547,0.3496712884343937,21,22
2025-05-31,2025-06-13,2025-06-14,2025-06-20,68876,0.4018721331714177,0.4018108038766315,0.402164098719869,0.3736919728492826,0.37369197290725775,0.0,0.9999999751531714,0.9965565172730715,0.36353073628930954,0.048086094845851746,0.6868678448418182,0.28077135518463825,0.35696914355202175,0.07472068469973468,0.29812038446509487,0.29812038446509487,0.3441518766666734,21,23
2025-06-01,2025-06-14,2025-06-15,2025-06-21,68881,0.3996961348118565,0.39970560124409016,0.3998397602985513,0.3708033575665768,0.37080335747516235,0.0,0.9999996898792912,1.009187850453168,0.3613999948077685,0.04874610019690481,0.6914945758866071,0.2811093381326762,0.3550599823348483,0.07390561283656905,0.3033007396117703,0.3033007396117703,0.3415441014479407,21,24
2025-06-16,2025-06-29,2025-06-30,2025-07-06,69000,0.3988790712678998,0.39889592368776,0.3988268645648065,0.3636342573150791,0.3636342583665492,0.0,1.0000002639657328,1.0099775187281799,0.35406792728263226,0.046900742052328706,0.6671605882003314,0.2369378249560687,0.34661490843643494,0.07756102885878724,0.30406643667437344,0.30406643667437344,0.3356443229952328,21,25
2025-06-26,2025-07-09,2025-07-10,2025-07-16,69106,0.4232719295401629,0.4230931974578127,0.4231368070337491,0.38753743579585803,0.3875374360410264,0.0,0.9999999445192695,1.0007353514444315,0.37838699580346563,0.05029719319207656,0.6694289897887324,0.25008732368309455,0.37500159591009,0.08107830990357921,0.2884255764719852,0.2884255764719852,0.36476624035068345,21,26
2025-06-30,2025-07-13,2025-07-14,2025-07-20,69141,0.42647030280045006,0.4263471658762661,0.4263356375603071,0.3943125611343155,0.3943125611920982,0.0,0.9999998898357229,1.002386337850009,0.38367375183699026,0.0499622777452661,0.6725411021054334,0.24812992808037007,0.3761449752727983,0.08184418699972379,0.2929867124301377,0.2929867124301377,0.3655978605837564,21,27
2025-07-14,2025-07-27,2025-07-28,2025-08-03,69258,0.4070967196191222,0.4070582853951803,0.4068974902805036,0.38700431833321597,0.38700431841410576,0.0,0.9999999666665226,0.9872299119624093,0.37320827030341097,0.040457304358058686,0.6667392683110095,0.21779107398939881,0.36406615489040334,0.07159802672826424,0.2925941772939937,0.2925941772939937,0.3520295208436863,21,28
2025-08-21,2025-09-03,2025-09-04,2025-09-10,69158,0.4362368854654849,0.43582407954254426,0.43597060507079033,0.39099362620452155,0.3909936261851621,0.0,0.9999999290490129,0.9830980095142128,0.3961827066547766,0.03917340872660843,0.6073209038184713,0.6071717415730138,0.3775051609175217,0.07597597297923746,0.30588949131855786,0.30588949131855786,0.36537164327956423,21,29
2025-08-26,2025-09-08,2025-09-09,2025-09-15,69058,0.4552683926946632,0.4553909351887383,0.4553553137946538,0.41528739760885536,0.4152873987562213,0.0,0.9999998659044981,0.9663887173162515,0.4170300632309668,0.041757924232929046,0.6040628134125184,0.09185477351075044,0.39642485261355387,0.08062583911367248,0.29041802183308796,0.29041802183308796,0.38370627345168756,21,30
2025-09-09,2025-09-22,2025-09-23,2025-09-29,68658,0.46418730415433646,0.46413158280778066,0.4641412403335084,0.42414225453569965,0.4241422545637672,0.0,1.000000020536796,1.0205360154404426,0.41984580907776126,0.04795782554563291,0.6443835938838739,0.7008648055672173,0.40611121622308877,0.07869402343422073,0.31012711212132654,0.31012711212132654,0.3918271924501409,21,31
2025-09-24,2025-10-07,2025-10-08,2025-10-14,67232,0.42723315940446155,0.42845925806621077,0.4302546020412951,0.3961876234408096,0.3961876265752917,0.0,1.0000003397951462,0.9895119505424967,0.39952274255099124,0.04562417485154794,0.6290273688051832,0.6762532359058008,0.3842984663098139,0.08261408316164362,0.2985628425978733,0.2985628425978733,0.36993454388858155,21,32
2025-10-02,2025-10-15,2025-10-16,2025-10-22,64825,0.4464008271772804,0.44740436453293336,0.45344777717148044,0.42138869896820985,0.42138869902007076,0.0,0.9999999740717035,0.9807298897383802,0.4198736273301152,0.04151572805759627,0.6707667276007402,0.5704379151478525,0.4060380847688789,0.07875314935205369,0.32859052751030354,0.32859052751030354,0.40713480128712987,21,33
2025-10-05,2025-10-18,2025-10-19,2025-10-25,62992,0.4416210619977371,0.44246360088028325,0.4480957848910442,0.42172899260541596,0.4217289925735957,0.0,0.9999999955894634,1.0293274182010135,0.41685993007425753,0.0462739207124989,0.6628908540291003,0.5847692584527415,0.402808436002926,0.08087714414217692,0.35130545609816627,0.35130545609816627,0.41034538100234325,21,34
2025-01-17,2025-02-03,2025-02-04,2025-02-12,82794,0.35247447537802074,0.3523871986087274,0.3523866384131232,0.32304443155312385,0.32304443161151397,0.0,0.9999999931081367,0.9548975617678311,0.3159104664870823,0.04415007730057154,0.6655418656592262,0.22620740803460826,0.3099286060602969,0.07836301733562186,0.3096553721011197,0.3096553721011197,0.3040157860150765,27,0
2025-01-18,2025-02-04,2025-02-05,2025-02-13,82958,0.35871246450250704,0.35848838908341946,0.35850996725558115,0.3276284138692747,0.32762841544513366,0.0,0.9999998279464617,0.9620491771173373,0.32167180090251135,0.04500592353914747,0.6441563469635707,0.1927316060275416,0.3152706889032608,0.0773037274669577,0.30828910529126685,0.30828910529126685,0.3119358435506589,27,1
2025-01-20,2025-02-06,2025-02-07,2025-02-15,83255,0.3653936885300326,0.36497920415450713,0.3649342941595124,0.33614185334082824,0.3361418536358018,0.0,0.999999958708118,0.9724881765745014,0.3287521955547748,0.04675204388087075,0.6508173582206012,0.20741508259714939,0.3231227794600365,0.07842857183333944,0.3051724723268061,0.3051724723268061,0.3161995990468594,27,2
2025-01-27,2025-02-13,2025-02-14,2025-02-22,84056,0.3730318085676413,0.3725949508102262,0.37245476143837397,0.34890047369470994,0.348900473725967,0.0,1.0000000516561085,1.0162115862683485,0.3370726279454345,0.05101139489884636,0.6793837913296937,0.24377200020128134,0.33269003185317564,0.08144089014943073,0.30491802065790713,0.30491802065790713,0.3259743086046227,27,3
2025-02-21,2025-03-10,2025-03-11,2025-03-19,85589,0.3916624533928396,0.3917792530328986,0.3922145308334072,0.3514282254115925,0.35142822542785307,0.0,0.9999999812075773,1.0002731079135374,0.34570629734713265,0.0579114199385971,0.6396408298977642,0.44383350238015057,0.3404734179040584,0.07997910708603198,0.2999869687512037,0.2999869687512037,0.3284401886378183,27,4
2025-04-25,2025-05-12,2025-05-13,2025-05-21,87974,0.3991970864578019,0.39899979992647017,0.3988715727385345,0.3618901726920949,0.36189017629152886,0.0,0.9999995214062943,0.9853957483876944,0.3562836195228175,0.04966193463626445,0.6273902610353327,0.1501809948819465,0.35117686982184015,0.08399612513235667,0.2721296157418324,0.2721296157418324,0.33941010274750905,27,5
2025-05-04,2025-05-21,2025-05-22,2025-05-30,88200,0.39728879310505805,0.39731932790737357,0.39701791786180113,0.35428717703440776,0.35428717689547257,0.0,0.9999999436916192,1.0261641883236141,0.34739749686660826,0.05110400111525809,0.6476714655135881,0.3363579525165814,0.34320942485450423,0.08297681161066538,0.2982340543836669,0.2982340543836669,0.32933379112014183,27,6
2025-05-11,2025-05-28,2025-05-29,2025-06-06,88343,0.3964620206395836,0.39658831028460334,0.3962278298375373,0.3544846630919171,0.3544846631583615,0.0,1.000000023643464,1.0374934652713996,0.35211084511300755,0.05117576607475639,0.6483414648880039,0.48452443083818003,0.34410119251351906,0.08437415785787937,0.31173780398170514,0.31173780398170514,0.3322237055737825,27,7
2025-05-20,2025-06-06,2025-06-07,2025-06-15,88476,0.39330583428273963,0.39327083946832253,0.3932805359412682,0.36496000702560566,0.3649600068570822,0.0,1.0000000411010523,0.9954219592491339,0.37504070112204857,0.052105234529259165,0.59017213244172,0.6147313540952439,0.35230445005062816,0.08135637241921327,0.28030459158031934,0.28030459158031934,0.34328786242671994,27,8
2025-05-30,2025-06-16,2025-06-17,2025-06-25,88586,0.4049273792997207,0.4048297685146294,0.4049437148725152,0.3701000369339697,0.3701000364483841,0.0,1.0000005614958971,0.9945835888539256,0.3787177937798014,0.04481026075606086,0.6001762399079412,0.6544893990141584,0.3564872735653006,0.07362860212309524,0.29838314078290046,0.29838314078290046,0.34256991957824445,27,9
2025-05-31,2025-06-17,2025-06-18,2025-06-26,88598,0.41268515864013466,0.4125414100322719,0.41244366873866106,0.3736055390800843,0.3736055385608781,0.0,1.0000002025481534,1.00036750356734,0.3724640015427101,0.04061083951072655,0.6344755438410383,0.5095443819824542,0.36150092066061856,0.07287041316760622,0.30270866492376836,0.30270866492376836,0.3463850309392265,27,10
2025-06-03,2025-06-20,2025-06-21,2025-06-29,88626,0.41105622749942,0.4110536752418703,0.4108999678657136,0.3738108240215151,0.3738108240389569,0.0,0.9999999776153525,1.0207129826147499,0.3710687615390505,0.04138271710598985,0.6365114026421227,0.529824814638892,0.36062920561584344,0.0738432348310962,0.3098193323606317,0.3098193323606317,0.3446047590052355,27,11
2025-06-23,2025-07-10,2025-07-11,2025-07-19,88871,0.4216593725232376,0.42158394820570677,0.4216752636058876,0.3839943382384835,0.3839943382281907,0.0,1.0000000043851536,1.0124881007802373,0.3850221832716336,0.04554271352038427,0.6167463122977662,0.5047756212087754,0.37254024404944697,0.08163463354215349,0.29700915691175445,0.29700915691175445,0.36062514479491564,27,12
2025-06-24,2025-07-11,2025-07-12,2025-07-20,88882,0.4215309405801642,0.4214715494056206,0.42150383465162544,0.38521922147729415,0.385219221466155,0.0,1.000000038079888,1.0118451158916912,0.3867937224798853,0.04583289739201345,0.6174244606929987,0.5026660039233075,0.37238206797180273,0.0820862176442319,0.3005571152863998,0.3005571152863998,0.3606305968175659,27,13
2025-07-02,2025-07-19,2025-07-20,2025-07-28,88974,0.40534129519145107,0.4053442885775245,0.4051706518053125,0.37177369494201834,0.37177369508968117,0.0,1.0000000257368054,1.013183613502867,0.4073372141443871,0.0434694347216874,0.5909764781983431,0.6691850773853423,0.35854640301751894,0.07655174040589761,0.2977424714318259,0.2977424714318259,0.34816570897075216,27,14
2025-07-04,2025-07-21,2025-07-22,2025-07-30,89003,0.40348852268586166,0.4035318661977911,0.40341133268962504,0.37480471514158875,0.37480471539922017,0.0,1.0000000602305505,1.011039501189471,0.41293530803073103,0.044756499486655936,0.5909417934077646,0.6684288505657334,0.362147787568208,0.07763542554882841,0.29478790116873066,0.29478790116873066,0.3502855230850941,27,15
2025-07-06,2025-07-23,2025-07-24,2025-08-01,89026,0.39897468655275126,0.3988913918416536,0.39872038595893644,0.37084109023035144,0.3708410903148027,0.0,1.0000000253013797,1.0160134831926533,0.40547028206595925,0.04401905240766832,0.5866404534090752,0.581597571237401,0.35745771692465367,0.07699594500325586,0.30355947417225704,0.30355947417225704,0.3452811811586684,27,16
2025-07-07,2025-07-24,2025-07-25,2025-08-02,89032,0.397025823330064,0.39687560023716884,0.3966662081048705,0.3690019578027616,0.3690019577971388,0.0,0.9999999979328952,1.013584338660109,0.4143875708027783,0.042579560695643184,0.596690539698232,0.6703444668608198,0.3558980607188539,0.07616879838438625,0.3035154513154547,0.3035154513154547,0.3445167967644841,27,17
2025-07-11,2025-07-28,2025-07-29,2025-08-06,89052,0.4230416535492346,0.4230868830222645,0.42288746601517513,0.39463624908046807,0.3946362486223775,0.0,1.0000000854169062,0.993395724571671,0.43090626191444936,0.04073851227472023,0.5862396429928666,0.5696400802209403,0.377096697734901,0.07399317982790049,0.29497669738505083,0.29497669738505083,0.365023349982466,27,18
2025-07-16,2025-08-02,2025-08-03,2025-08-11,89056,0.4382112931759696,0.4380949524027421,0.43764661813031175,0.4053579076344965,0.40535790815867084,0.0,0.9999999191398479,0.9804645926534373,0.4401205139872662,0.03758820169282399,0.5823858795117918,0.5699085844585337,0.38751013934344974,0.07085177263479882,0.2988328917088101,0.2988328917088101,0.37422111250796336,27,19
2025-07-21,2025-08-07,2025-08-08,2025-08-16,89064,0.44135624130614753,0.44107136446142653,0.44078185609645154,0.40678378324494247,0.4067837831806009,0.0,1.0000000264441975,1.018230512867891,0.44846126200827063,0.04097279126052952,0.5995595813542451,0.6614748230057806,0.38868955428241775,0.07507428409913039,0.31670491767030623,0.31670491767030623,0.37689869935754555,27,20
2025-07-23,2025-08-09,2025-08-10,2025-08-18,89073,0.4587919503023976,0.45786743492583426,0.4576890834982455,0.4211182848194591,0.42111828471912155,0.0,1.0000000366096429,1.0003541557234654,0.4070153856595579,0.03885735726133304,0.7431720022909779,0.566989650390894,0.4026322949534956,0.07196836807538012,0.3150011560284253,0.3150011560284253,0.39090703770335433,27,21
2025-07-30,2025-08-16,2025-08-17,2025-08-25,89055,0.4767375382194208,0.47580779291059994,0.4759215667690484,0.44348127434123585,0.4434812736552781,0.0,0.9999992525004502,1.027078512492109,0.47446228856862604,0.03950089007611385,0.5917607522637639,0.5831303743848306,0.41927726349328504,0.07289614326608669,0.3112625632355369,0.3112625632355369,0.407935026624755,27,22
2025-08-03,2025-08-20,2025-08-21,2025-08-29,89029,0.4790491429439015,0.4787437126439131,0.4792482011941375,0.44277881957206433,0.4427788197203097,0.0,1.000000035052993,1.0494827708938645,0.4737022947950091,0.042915360171128056,0.6023284696726844,0.5876202649226916,0.42096650174044353,0.07640399045363476,0.3217216375458464,0.3217216375458464,0.40895923045291027,27,23
2025-08-04,2025-08-21,2025-08-22,2025-08-30,89025,0.47299978197966763,0.4728966475932759,0.47342326133974516,0.4372870192315316,0.43728701935697195,0.0,1.0000000392696216,1.0507812334372408,0.4655007501837246,0.04269192259204227,0.6042455164633916,0.5872025087326735,0.41596350754827155,0.07609382303091171,0.3227594079418397,0.3227594079418397,0.4052409007508262,27,24
2025-08-10,2025-08-27,2025-08-28,2025-09-05,88987,0.44868842511397256,0.44859644014380395,0.4486281194469348,0.4121131832055001,0.41211318297222044,0.0,0.9999999766986857,1.0317593008971138,0.447022920849721,0.04251159659618714,0.6139601577642483,0.6153016632003383,0.39638273961996706,0.0780484798577851,0.31748609874965705,0.31748609874965705,0.3848107640516074,27,25
2025-08-18,2025-09-04,2025-09-05,2025-09-13,88875,0.44459193391783447,0.44430305539290793,0.44424981050264584,0.39665369835059006,0.39665369840041703,0.0,0.9999999758770041,1.00078569540957,0.43423192996832194,0.04119436151836236,0.6019962936609543,0.5632602791689275,0.38522991927119227,0.0784662623043591,0.30398643901977573,0.30398643901977573,0.3715393966673452,27,26
2025-09-22,2025-10-09,2025-10-10,2025-10-18,85495,0.4546512621687215,0.4560762138246162,0.4578626728998422,0.4213417606653282,0.42134176076735186,0.0,0.9999999613256161,1.0041575807448404,0.47419703492298126,0.04584213184512244,0.6155584719104086,0.6058465104485579,0.4101838029857917,0.08361208452994577,0.3114633984723326,0.3114633984723326,0.39282617307684103,27,27
2025-09-25,2025-10-12,2025-10-13,2025-10-21,84312,0.42379438274060915,0.4257369225737351,0.42728453471155237,0.39466050061264396,0.3946605004034669,0.0,0.9999999805093353,1.0027712791888808,0.43576564013122493,0.047098088837243035,0.6169310170414578,0.5983722614528045,0.3869357729738116,0.08533997280016216,0.3096809271342308,0.3096809271342308,0.36982150112303075,27,28
2025-10-01,2025-10-18,2025-10-19,2025-10-27,79459,0.4569048205720675,0.45732806795322833,0.46447684262148276,0.4327210997494806,0.43272109958293997,0.0,1.0000000290993587,1.0025276184923761,0.47626884962769345,0.04295283017526925,0.6294561468740498,0.6061857726498309,0.41608284512180066,0.08047303493244436,0.33386027484867714,0.33386027484867714,0.4242794262473543,27,29
2025-01-23,2025-02-15,2025-02-16,2025-02-27,112481,0.3760441970382607,0.3755995986135662,0.37563158374120315,0.34174862583239857,0.3417486258315778,0.0,1.0000000351146556,1.0106807436701453,0.3845135009985409,0.04732117772526919,0.6009410893509327,0.6640475892588806,0.33215848778626555,0.08036271764310934,0.30946315743476155,0.30946315743476155,0.3225569331314787,36,0
2025-02-04,2025-02-27,2025-02-28,2025-03-11,113477,0.37914214024333354,0.3791967279447178,0.37928625526559523,0.34053129751994465,0.3405312976891509,0.0,1.0000000390856083,1.027521794367931,0.3638004990577195,0.044384423764285474,0.6025367241344639,0.6160067846909675,0.33402848828612375,0.07490491368308823,0.3105350222698336,0.3105350222698336,0.3235042610320425,36,1
2025-02-15,2025-03-10,2025-03-11,2025-03-22,114227,0.3870900108165433,0.3872309684849476,0.38730334326766497,0.3448032815450268,0.3448032815536968,0.0,0.9999999907670909,1.0020805005144606,0.36611661724790917,0.04624615422678652,0.5982942838301999,0.6008678341029448,0.3364733127887729,0.07685391586555416,0.30571340113147233,0.30571340113147233,0.32657716704286754,36,2
2025-02-28,2025-03-23,2025-03-24,2025-04-04,115093,0.35812143600964014,0.3579101119245792,0.35780425121979886,0.3169236787270752,0.31692367878789224,0.0,1.0000000864326524,0.9960701442833058,0.33840610069845245,0.047313524844686344,0.5872526465013398,0.5438517920933261,0.3106171083480313,0.08006094257677204,0.28881723773674184,0.28881723773674184,0.302048183062299,36,3
2025-03-19,2025-04-11,2025-04-12,2025-04-23,116011,0.3811839015732252,0.3811255421585794,0.38113438081626516,0.3417027732821215,0.3417027732717052,0.0,1.0000000036928134,0.982455386947998,0.37869554181044984,0.049316146477197405,0.589386922687058,0.6390914296349197,0.33465452720917205,0.08293805928415188,0.2893005601255323,0.2893005601255323,0.32284447075944767,36,4
2025-04-04,2025-04-27,2025-04-28,2025-05-09,116782,0.37167053895362534,0.37165138628075084,0.37152858765284985,0.3259219068851134,0.32592190710085384,0.0,1.0000000555887534,1.0085270053103845,0.3468970139283405,0.04899658021802772,0.5919520954900035,0.5687256244784474,0.32197697290549576,0.08122757957721467,0.29897616856739234,0.29897616856739234,0.31054480637826415,36,5
2025-04-07,2025-04-30,2025-05-01,2025-05-12,116903,0.36412293053381156,0.3641111411208799,0.3640620559042738,0.31891863543196725,0.3189186355647943,0.0,1.000000035714877,1.011199083648195,0.3453076210268957,0.04870043018291189,0.6057338013148894,0.6082596954892437,0.31488271158002096,0.08011912688341413,0.3026588159776084,0.3026588159776084,0.3031584312828054,36,6
2025-04-14,2025-05-07,2025-05-08,2025-05-19,117162,0.3796194148377162,0.379604951650461,0.379518787061727,0.3346525562620001,0.3346525525796038,0.0,1.0000007856194912,1.0017229640453165,0.35687655553984543,0.047766306567284075,0.5891828374024833,0.5532708179164161,0.3310548692006594,0.0794234931341733,0.2891850195832969,0.2891850195832969,0.31883113153801984,36,7
2025-04-17,2025-05-10,2025-05-11,2025-05-22,117278,0.39323270262684257,0.3932024976445599,0.3932529013455763,0.35085255808895716,0.35085255817943883,0.0,0.9999999852802869,0.980392864937126,0.38081986008334556,0.0471975676685394,0.5829077027339614,0.5925602062075741,0.3454494231220072,0.08087278065879051,0.2719528558143006,0.2719528558143006,0.33308415344793463,36,8
2025-04-22,2025-05-15,2025-05-16,2025-05-27,117451,0.3958687249907445,0.39571078630565265,0.3956010182891892,0.35656579525850934,0.35656579382083425,0.0,1.0000009374735686,1.010415787779703,0.3811368872271331,0.05216169075498603,0.5818117021857782,0.5537560558898018,0.34747836303264584,0.0856769065792661,0.2820235485766113,0.2820235485766113,0.33602892844145477,36,9
2025-04-26,2025-05-19,2025-05-20,2025-05-31,117578,0.3941296410517743,0.39413836327004104,0.39379116280358073,0.35360110447013376,0.3536011045996662,0.0,1.000000054253079,1.0131544770573024,0.37483005107091844,0.05069728343301093,0.5892545666739387,0.5669772919155126,0.34181981826082247,0.08327135165378328,0.2954885730658096,0.2954885730658096,0.32899580321034394,36,10
2025-05-17,2025-06-09,2025-06-10,2025-06-21,118043,0.39730604658167085,0.3973053877453879,0.39744714437587053,0.3658862268242325,0.3658862267870019,0.0,1.000000023352833,1.003749069336608,0.3951477491318958,0.04799122061041222,0.6034007214949894,0.5731122852848343,0.3564429849093639,0.08091656743494952,0.2907033783924978,0.2907033783924978,0.3425797663109616,36,11
2025-05-21,2025-06-13,2025-06-14,2025-06-25,118101,0.4040763006518483,0.40400995739517837,0.4041429587544949,0.36720163530794986,0.3672016351915004,0.0,1.0000000351099578,0.9957842224028348,0.359305511588533,0.04562766425350188,0.7309609186297243,0.5647637110015725,0.35814344124727343,0.07916768294443075,0.2893151816293864,0.2893151816293864,0.3438015883549043,36,12
2025-06-01,2025-06-24,2025-06-25,2025-07-06,118249,0.40675940349971673,0.4067664293522726,0.4066211585968722,0.36429243715821963,0.3642924372298595,0.0,1.0000000686939792,1.0121884417171287,0.38251104659817575,0.04108983867590779,0.6092979466707726,0.5468239455824656,0.3539291007499468,0.07482583726590017,0.305844860698409,0.305844860698409,0.34194071103320983,36,13
2025-06-08,2025-07-01,2025-07-02,2025-07-13,118378,0.40801523522872246,0.40800985137445556,0.4079949066571691,0.3695730138405882,0.3695730137711954,0.0,0.9999996575931411,1.0089881426402856,0.390451868284212,0.03999013083918245,0.6199184281386122,0.5648685780437712,0.3584573036008024,0.07668754906104085,0.3084430676434044,0.3084430676434044,0.34708680293828803,36,14
2025-06-25,2025-07-18,2025-07-19,2025-07-30,118641,0.40823457120865847,0.4082806297660599,0.408196361966373,0.3747469382347271,0.3747469357609515,0.0,0.9999992096295541,1.0138092815225026,0.39438504585415624,0.04174840432663448,0.6170638359275714,0.5430418303667722,0.3629379326416977,0.07861453142079783,0.29684882044900546,0.29684882044900546,0.35139648188595535,36,15
2025-07-02,2025-07-25,2025-07-26,2025-08-06,118725,0.4159348530635915,0.4159692869271357,0.4157351483800354,0.3825666996483506,0.38256669958323625,0.0,1.0000000263062505,1.0037356485018945,0.40217285573263056,0.040227885644066735,0.6096957786034608,0.5274322355946017,0.3711076078649156,0.07665595738622707,0.2937478758153846,0.2937478758153846,0.35898461842760215,36,16
2025-07-03,2025-07-26,2025-07-27,2025-08-07,118735,0.4229010757047036,0.4229058462268281,0.4227164882073859,0.38954258843736517,0.3895425882070188,0.0,1.0000000558942257,0.9969695920095327,0.40852173571516065,0.03981985880723581,0.6086377347565171,0.5282417695652175,0.37642200693479766,0.07647484336545776,0.29427127081468335,0.29427127081468335,0.3640167763158433,36,17
2025-08-02,2025-08-25,2025-08-26,2025-09-06,118652,0.4507820554261029,0.4507661860464495,0.45084537895225524,0.40946348059622967,0.4094634811357592,0.0,1.0000000498505948,1.0364181149573968,0.40137550865915383,0.040778744010964756,0.7729323821378599,0.5981671128931271,0.3966042406398613,0.0763171071489357,0.3162131507312586,0.3162131507312586,0.3837853149786989,36,18
2025-08-11,2025-09-03,2025-09-04,2025-09-15,118469,0.44597766740627404,0.44581994314460427,0.445808346938928,0.39525440541093765,0.395254405389719,0.0,1.0000000605775299,1.0103972990944297,0.41415741984424087,0.03605568047247117,0.6351488333294804,0.47268097330805203,0.38770961568404516,0.0777881105441423,0.3124726404023965,0.3124726404023965,0.3725136125196873,36,19
2025-08-17,2025-09-09,2025-09-10,2025-09-21,118236,0.4530918419964137,0.45321421654139854,0.45317622095828297,0.4105347442183752,0.41053474386982935,0.0,1.0000000967557374,0.9915917949153313,0.4298824643851054,0.03878382783921706,0.6212579250604356,0.46955217968909746,0.39879263408830445,0.0797542408543263,0.297776202583859,0.297776202583859,0.3853758607357501,36,20
2025-09-05,2025-09-28,2025-09-29,2025-10-10,116636,0.4470868817468282,0.44714503030096797,0.4471464079781465,0.4029544530399722,0.4029544543331328,0.0,1.0000003754335183,1.0080850285119436,0.4240254050826739,0.0393007169171197,0.645796772176857,0.5244022634759181,0.3948663704966123,0.08157397713545093,0.30055067725018786,0.30055067725018786,0.3825091764951243,36,21
2025-09-08,2025-10-01,2025-10-02,2025-10-13,116061,0.42767741173346163,0.42822731855125823,0.42852322847929153,0.39012511860291055,0.39012511872606737,0.0,1.0000000108865899,1.0121452554342485,0.407956703908655,0.042397159295981875,0.6328445225629826,0.49003691486578066,0.38100650195648894,0.08150483215841275,0.30707289032352997,0.30707289032352997,0.368735647829163,36,22
2025-09-22,2025-10-15,2025-10-16,2025-10-27,107590,0.4650634832340769,0.4655061507901836,0.4673284520377271,0.42742054484351855,0.4274205438852246,0.0,1.000000158375253,0.9915260265707933,0.4528749494319914,0.042143004080242616,0.6423773413946551,0.5072697014194572,0.4208734846548492,0.08164482807474972,0.3155168818467912,0.3155168818467912,0.41366544376413666,36,23
2025-09-23,2025-10-16,2025-10-17,2025-10-28,105798,0.4699436298991826,0.4699281225173606,0.47265511190692505,0.43186312843473706,0.43186312759133744,0.0,1.000000170924897,0.9943998331202621,0.4552712314944534,0.041308946765816854,0.6361829323533185,0.4802044759100788,0.4257052108354995,0.08136899361143221,0.307406480920658,0.307406480920658,0.42177785152072267,36,24
2025-01-15,2025-02-15,2025-02-16,2025-03-03,150212,0.3827492789229129,0.3821867116678348,0.38213898047442413,0.34113932694197613,0.34113932695388943,0.0,0.999999996795632,0.9841949986773553,0.3603060989861702,0.03945500524280789,0.638333885176013,0.555665333483709,0.3364245726867763,0.07779462970374837,0.31701943686242023,0.31701943686242023,0.32721874542489204,48,0
2025-02-05,2025-03-08,2025-03-09,2025-03-24,152317,0.38821559118177934,0.388259775725525,0.3882499200510632,0.3429499561639834,0.3429499561496303,0.0,1.0000000994854146,1.0078689136824974,0.3558519167887402,0.039271958478070766,0.6224621688782196,0.4758365247633949,0.33781499381570107,0.07635798569058239,0.302149986387311,0.302149986387311,0.3273066244474501,48,1
2025-02-13,2025-03-16,2025-03-17,2025-04-01,153058,0.36816053538300386,0.36818131639369994,0.36810383934286667,0.32302141976380894,0.3230214201132773,0.0,1.000000079518561,1.0157051184101866,0.33340101300476677,0.042123581674803914,0.6193615600266839,0.4521011234487523,0.31926197069311535,0.07685044003749009,0.30545422793433796,0.30545422793433796,0.3107333092448988,48,2
2025-03-08,2025-04-08,2025-04-09,2025-04-24,154611,0.3759610846786973,0.3759968761600186,0.3760084237319868,0.33367162153127244,0.33367162114605176,0.0,1.0000001218931989,0.9900623773632272,0.3490203141536859,0.047113550915224435,0.6049203291808832,0.4675444793443473,0.3309871890670613,0.08272977789954652,0.2876245877374158,0.2876245877374158,0.32047339357098087,48,3
2025-03-29,2025-04-29,2025-04-30,2025-05-15,155930,0.3727774499444862,0.37287261839313185,0.37279694644650074,0.32334086439950244,0.3233408645145391,0.0,1.0000000758193008,1.0166318964311878,0.33421561469779315,0.04297123663072669,0.6211369034028278,0.4673022117658576,0.3217206612074959,0.08049486455539254,0.3006263762889727,0.3006263762889727,0.3082004607727395,48,4
2025-04-01,2025-05-02,2025-05-03,2025-05-18,156078,0.37363258833808183,0.37369601165017063,0.3735782316981478,0.3270040057235465,0.32700400589580975,0.0,1.000000758600578,1.0128171555761534,0.33825384474532577,0.04685452555450025,0.6194325686256276,0.501799720960595,0.32529803999750256,0.08132566536959847,0.29756139044238744,0.29756139044238744,0.31260392507518103,48,5
2025-04-08,2025-05-09,2025-05-10,2025-05-25,156419,0.38936770129900833,0.3893441490847381,0.38920814089665096,0.34150967203544763,0.341509670951038,0.0,1.0000003316607395,0.9967458855474398,0.35218593706193924,0.04476464916674682,0.6082876197221598,0.4602790729943943,0.33950553127599437,0.07930401980388486,0.29008638563081574,0.29008638563081574,0.3255708516967914,48,6
2025-04-21,2025-05-22,2025-05-23,2025-06-07,156967,0.39305929179966415,0.39307290159588376,0.39276672729823814,0.34670362527050164,0.3467036259296145,0.0,1.0000006794387888,1.011432615837768,0.3598242288706501,0.045523658126089016,0.6185139200032719,0.5008418194099803,0.34087997974696044,0.08195630617430762,0.2894424950686889,0.2894424950686889,0.3286694973112964,48,7
2025-04-25,2025-05-26,2025-05-27,2025-06-11,157085,0.395367068479255,0.39532206925120966,0.39507862075937433,0.3501638819098042,0.35016388183365416,0.0,0.9999996131814691,1.0034559744749227,0.36450648507438643,0.04686009991366503,0.6091481554820561,0.45296606307845677,0.3450902525350666,0.08337222307446293,0.28883526941673815,0.28883526941673815,0.33217483540465953,48,8
2025-05-07,2025-06-07,2025-06-08,2025-06-23,157380,0.39864567161027575,0.39855373272176214,0.39868054138314113,0.36003293413049786,0.3600329341741099,0.0,1.0000000819951729,1.008934223737603,0.3730461395872528,0.046489278679243344,0.6122247007520343,0.445195517910001,0.35490132099179117,0.08247008386308491,0.2904224404763092,0.2904224404763092,0.3426077714885125,48,9
2025-05-13,2025-06-13,2025-06-14,2025-06-29,157502,0.4070661242276107,0.4070117455638206,0.4070830575128015,0.36393040997119336,0.3639304099370011,0.0,1.000000029374288,1.0158170731167373,0.3764967145714981,0.04525497333809924,0.6214507709371244,0.4486152067161663,0.3590057014552491,0.07959879534285362,0.3021572260777138,0.3021572260777138,0.3463083965124544,48,10
2025-05-17,2025-06-17,2025-06-18,2025-07-03,157559,0.4082921711697277,0.4082533012254805,0.4082371258795219,0.3620573603044008,0.3620573602948568,0.0,1.0000000499721096,1.0078022363872499,0.3746197376349541,0.041956284100101306,0.6223367108225927,0.4348190120334504,0.35755541285909315,0.07715931144253965,0.2998527233348738,0.2998527233348738,0.34401127494908407,48,11
2025-05-19,2025-06-19,2025-06-20,2025-07-05,157605,0.40609494097222926,0.4060867566988175,0.4059979349928808,0.3591799950623746,0.35917999497681513,0.0,1.0000000530343622,1.0051795136314783,0.3718714816318505,0.03834020805076092,0.6289153806296656,0.43278155894509585,0.3546774129860647,0.07711329733392833,0.29488768355989003,0.29488768355989003,0.34060753681488,48,12
2025-06-10,2025-07-11,2025-07-12,2025-07-27,158083,0.4130404160159995,0.4129692962925228,0.412946872346205,0.3728457546493896,0.37284575473299575,0.0,1.0000000318708373,1.012231004790727,0.38086941033541327,0.036293732786307605,0.6342399006837007,0.45675524690626657,0.36510191150323706,0.0770858897206086,0.30434339425612483,0.30434339425612483,0.3533448763674469,48,13
2025-06-18,2025-07-19,2025-07-20,2025-08-04,158233,0.40636460344412983,0.40636685503514164,0.4062987015250841,0.369768644834686,0.3697686428032907,0.0,0.9999993210704674,1.0103361224395866,0.3781712296050681,0.03997189456322432,0.6323915330833417,0.47090180984755364,0.3613218932596209,0.07831970607277582,0.29705398935046956,0.29705398935046956,0.3495363835371443,48,14
2025-06-26,2025-07-27,2025-07-28,2025-08-12,158319,0.42610366896554425,0.426001230668805,0.4257889355589464,0.3889813744474087,0.38898137550922135,0.0,0.999999692674427,0.9964718996992475,0.39692723151550807,0.03820088820168807,0.6228291826041029,0.3938337653054745,0.37832919707341145,0.0769155533986272,0.29127542986177224,0.29127542986177224,0.3647162239220158,48,15
2025-06-29,2025-07-30,2025-07-31,2025-08-15,158329,0.43588919916725605,0.435570642590681,0.4353466798889825,0.3955842246900836,0.3955842245926642,0.0,1.0000000219755263,1.0005974609360893,0.40218892022989783,0.03775681563020772,0.627978132224595,0.44810158281367,0.3836001544564711,0.0765597913940366,0.3004156986878805,0.3004156986878805,0.370646744470325,48,16
2025-07-22,2025-08-22,2025-08-23,2025-09-07,158211,0.4566204076528869,0.4563264583450817,0.4565983032203033,0.4120842476662695,0.41208424777780356,0.0,1.000000022579437,1.0208051960283409,0.4220292050172282,0.03290611832916882,0.6368963045574357,0.47513267676876014,0.40187514834018256,0.0744647939856641,0.31613754967088065,0.31613754967088065,0.3890685918063303,48,17
2025-08-07,2025-09-07,2025-09-08,2025-09-23,157651,0.45322771797556627,0.45329175751634526,0.4532305974224612,0.40830004004305204,0.40830004061722797,0.0,0.9999997181659179,0.9994761911624447,0.41541128245477144,0.03147252846236211,0.6406784465257208,0.5155265038947221,0.3990938257681544,0.07710753793207976,0.30282352044752286,0.30282352044752286,0.3846726958884942,48,18
2025-09-06,2025-10-07,2025-10-08,2025-10-23,150437,0.44587954165340016,0.4470548632685453,0.44777100806769216,0.4053784002798435,0.405378401490177,0.0,1.0000004258387283,1.0030120595767071,0.41664388030933724,0.03396162817710332,0.6657015797198013,0.48792150389791966,0.40251363543494983,0.08168485048363058,0.3034564956561264,0.3034564956561264,0.385531771847814,48,19
2025-02-04,2025-03-17,2025-03-18,2025-04-07,201207,0.3679725376913101,0.3679957967347818,0.36790286129346617,0.3204153907891594,0.3201081922572339,0.00032531514561966147,0.997634571236931,1.0130048741157855,0.32003899567881944,0.036917526498126255,0.7493540898185852,0.580904866086853,0.3184354979653465,0.07695762291039296,0.30432257361568893,0.30432257361568893,0.30962764634088935,63,0
2025-02-16,2025-03-29,2025-03-30,2025-04-19,202259,0.3712158979626396,0.37127949374028696,0.3711933989828874,0.32553079846667904,0.32509485611918326,0.00044820610346270177,0.9966889248578581,0.9846543749382516,0.3318120206812435,0.03946027717936268,0.6168693127507436,0.4828928988217928,0.32523733150435447,0.07815414022797045,0.294085533240006,0.294085533240006,0.312736978436471,63,1
2025-03-01,2025-04-11,2025-04-12,2025-05-02,203414,0.3816769689026781,0.3817008678742409,0.3817255490459802,0.3367205904097304,0.33672058886738493,0.0,1.0000006526586425,0.9915305945179677,0.34269588429459075,0.04033795900542827,0.6222076187212575,0.4890816472946956,0.33375818798948675,0.08131468184411356,0.29156685290750084,0.29156685290750084,0.32246964531492217,63,2
2025-03-14,2025-04-24,2025-04-25,2025-05-15,204458,0.37551251126147367,0.3755676499650017,0.37559248797342143,0.3263308832280437,0.32633088327917986,0.0,0.9999996087036984,1.0017056867712828,0.32595487338240997,0.04647259505921087,0.7451700186889596,0.5820159280752731,0.3251125173872272,0.08168391458113963,0.2942598279381598,0.2942598279381598,0.3136010330939185,63,3
2025-04-12,2025-05-23,2025-05-24,2025-06-13,206150,0.39421112210396864,0.3941423345551048,0.39391901649917377,0.35028640865963023,0.34991951255707576,0.00035293480771338484,0.997444605186362,1.0073487353018118,0.34599088997830124,0.044935431250327916,0.7378777980181005,0.562216084607817,0.3458884643902248,0.08153309401303237,0.29302238204925596,0.29302238204925596,0.3332888599275734,63,4
2025-04-30,2025-06-10,2025-06-11,2025-07-01,206696,0.4037675614615422,0.4035802251797759,0.40360965651359665,0.3615041031111118,0.36083723498179726,0.0005134719092215501,0.9963109654520346,0.998928634632001,0.3671869989974401,0.044834149943575215,0.6260647517836396,0.5201392049204905,0.3568609774927781,0.08245224165641662,0.2884102474026419,0.2884102474026419,0.34298770133655276,63,5
2025-05-05,2025-06-15,2025-06-16,2025-07-06,206825,0.4041745174824805,0.4040541191080577,0.4040267935779254,0.3570057299281306,0.35638844140928333,0.0005617079725700312,0.995990361046681,1.0047863749787216,0.36285453904501713,0.04132125724856887,0.6198618297056523,0.49905260834987303,0.35368575524898893,0.07984768832624478,0.29702510344633326,0.29702510344633326,0.34067646869111967,63,6
2025-05-17,2025-06-27,2025-06-28,2025-07-18,207161,0.412836317381172,0.412678488163396,0.4127301356802939,0.3683346784014242,0.36770576188832643,0.0006056452065804327,0.9958680571256868,1.0083791712803007,0.37234802675582984,0.03964554157581421,0.6313386108277694,0.4933550004806354,0.36262094340864376,0.07802968309779548,0.3012684948184228,0.3012684948184228,0.35120252555598297,63,7
2025-05-22,2025-07-02,2025-07-03,2025-07-23,207312,0.4161756210096531,0.4159518240683574,0.41597445332588834,0.37296791344600366,0.3724531910751129,0.001648275545767161,0.9967207329181397,1.0009475455577985,0.37573304451891254,0.036968631841230275,0.6308730403467327,0.509959281041241,0.36529789846176497,0.0780547419804398,0.2954888699200968,0.2954888699200968,0.3555777116019404,63,8
2025-05-30,2025-07-10,2025-07-11,2025-07-31,207527,0.41290964239692424,0.41277045510336013,0.4128147003723315,0.3724402266537065,0.3710596687357174,0.000785505363515915,0.9902404276843768,0.9971249296087569,0.3752362668329561,0.0369061799083555,0.6415117728210415,0.4922452263638152,0.36606860223257026,0.07715268672029887,0.29687017164068363,0.29687017164068363,0.3538200349679685,63,9
2025-06-03,2025-07-14,2025-07-15,2025-08-04,207619,0.4106920534606839,0.41064363029283835,0.41060756331452086,0.3718891291356108,0.37063159170036447,0.00047960714933875914,0.991106865303813,1.0108098197435613,0.3663272053737272,0.042025740099165924,0.7540562375332999,0.578279888029394,0.3650874972652308,0.07780449803266104,0.30136368359848414,0.30136368359848414,0.35307988852205135,63,10
2025-06-15,2025-07-26,2025-07-27,2025-08-16,207799,0.43093909149389753,0.4306917052350344,0.43045961335904487,0.3910052077970986,0.3891280202360036,0.0007082869015081868,0.9890948984240012,0.9902670895201179,0.39200993644417254,0.037627404635014974,0.6361403165652992,0.5035114001382434,0.3817075987265524,0.07705253633559339,0.29650560118582164,0.29650560118582164,0.368820056027299,63,11
2025-06-16,2025-07-27,2025-07-28,2025-08-17,207807,0.43202849942854515,0.43176341372554794,0.43153066662508005,0.39291721372490085,0.39086828708138344,0.0007262114154415162,0.9880332215084945,0.9881182706972276,0.3939145740675034,0.03581141966116319,0.6373507737244051,0.4797208304342864,0.3828894699371571,0.07699189029336974,0.2951233203758638,0.2951233203758638,0.36958812628013615,63,12
2025-07-31,2025-09-10,2025-09-11,2025-10-01,206397,0.45660866180770926,0.456585788208539,0.45657462613972266,0.4099922762291195,0.4078266034372252,0.0018334451949062376,0.9835434480423138,0.9916649329533294,0.4122283380717473,0.03180203387995256,0.6506605562557352,0.40955246234999537,0.4026495647449097,0.07785608045685614,0.3028355595452512,0.3028355595452512,0.3891645395334865,63,13
2025-08-14,2025-09-24,2025-09-25,2025-10-15,203591,0.44537891300299554,0.4459267532892873,0.4460161507363724,0.4020528765483625,0.4002366202463302,0.0019793335133574995,0.985228561226263,0.9904388430834494,0.4039589471683533,0.035589508959956245,0.6504617707724075,0.4783296957566753,0.39563895191134413,0.07904401263253487,0.3072346130786414,0.3072346130786414,0.3814964621712514,63,14
2025-08-15,2025-09-25,2025-09-26,2025-10-16,203203,0.4469610460885296,0.44756847148160234,0.4476061777533804,0.4035282817403667,0.40183555648331154,0.002025139830242352,0.9853109601826995,0.9886229908682226,0.4054033876767212,0.03480529015149282,0.6468452454193345,0.46358840970820303,0.39791419285597557,0.07896602449256254,0.3052542968335935,0.3052542968335935,0.38317865383308697,63,15
2025-08-23,2025-10-03,2025-10-04,2025-10-24,198052,0.4489955026401383,0.44992457006964204,0.45015960230314217,0.4065777940893292,0.40560871916705693,0.0014443550547220967,0.9925380570793403,0.9833770303294769,0.4120810451391232,0.03339320782942239,0.6535822417480203,0.4280845383139892,0.40359564231476713,0.08042525967768809,0.2994943615928954,0.2994943615928954,0.3870115254462553,63,16
2025-08-30,2025-10-10,2025-10-11,2025-10-31,180209,0.48449258132706546,0.48315430343419985,0.4836080069481944,0.44065135483844037,0.43961100084510857,0.0010473991803857151,0.9927042960336373,0.985929133335276,0.4463092739668505,0.037002191174267174,0.6453804671422816,0.4759282023511445,0.4380626871325799,0.0811545013392647,0.3016266335426315,0.3016266335426315,0.42042125178637485,63,17
2025-01-16,2025-03-12,2025-03-13,2025-04-09,268012,0.3730255764772811,0.37302036158676877,0.372957367990898,0.32246107398995255,0.32082025192180447,0.001696600429404247,0.9831349575668722,0.9689432819803886,0.3257430434913299,0.03625254818877779,0.6322168275604103,0.46591440023570796,0.32337138171590646,0.0767366743131222,0.308986466136416,0.308986466136416,0.3115275719841977,84,0
2025-01-24,2025-03-20,2025-03-21,2025-04-17,269062,0.3675539982915544,0.36761333017494613,0.36753044701270937,0.3201896983593766,0.31824827335815215,0.002047317658520625,0.9787582042993404,0.9816925947367348,0.3234143258841961,0.03620029815274193,0.6450210330474513,0.4485972675656808,0.32117093902428884,0.07864795016110858,0.30354684583055086,0.30354684583055086,0.3131581270777129,84,1
2025-01-28,2025-03-24,2025-03-25,2025-04-21,269537,0.36640627045458857,0.36645535253197276,0.3664190655889068,0.31927176509048827,0.3171751305513907,0.0019399048084484901,0.9776189234819204,0.9779470703683025,0.3225689800005971,0.03864335924613282,0.6316550830157593,0.45718021058469355,0.32085339333111945,0.07875231903522997,0.29844428846277904,0.29844428846277904,0.30864065875553626,84,2
2025-02-02,2025-03-29,2025-03-30,2025-04-26,270097,0.37394454540686906,0.374000384540024,0.37398047994177125,0.3264771138027106,0.3241428590479017,0.002009952667361198,0.9767686702142363,0.9722019567503315,0.33018131222346925,0.0360311922682887,0.6537450359294129,0.45667122676430827,0.32714109099297417,0.07834504850706733,0.2972353419663327,0.2972353419663327,0.316171169033862,84,3
2025-02-05,2025-04-01,2025-04-02,2025-04-29,270440,0.37454796887771724,0.3745440738822475,0.3745358648497212,0.3284356429487105,0.3258839578251465,0.0019660045553622396,0.9764134399118132,0.9780990015942445,0.3304946876625042,0.039799388322799445,0.6332402894315781,0.46229330292498316,0.32782969782709054,0.07900816743455148,0.2978980030507737,0.2978980030507737,0.3162272641953539,84,4
2025-02-07,2025-04-03,2025-04-04,2025-05-01,270677,0.37726657059614,0.37725098782224536,0.37724293000316145,0.3289877526172239,0.32646717815030085,0.001887374781352561,0.9762400608613249,0.9778751947788328,0.330849557566548,0.03673053873670955,0.6323414327423135,0.45823081288136713,0.32943393335825955,0.07861495942393082,0.29902799404452524,0.29902799404452524,0.3190399202544828,84,5
2025-02-08,2025-04-04,2025-04-05,2025-05-02,270796,0.37796806641755215,0.37798035994888346,0.37798669705802235,0.3303639881523173,0.32783612244054805,0.001951465991942198,0.9763131868455258,0.9757130186460428,0.33277411078717306,0.03526801119545236,0.6392095809197355,0.4097310116916974,0.3303218816986351,0.07844445536007334,0.29757110455088315,0.29757110455088315,0.3178059992720798,84,6
2025-03-14,2025-05-08,2025-05-09,2025-06-05,274089,0.39093631275740354,0.39081530124918284,0.39078031099770366,0.34034421757469463,0.33840652389520737,0.0016094898399677808,0.9838299346709799,0.9825761673036149,0.3406884836112994,0.04138927937485207,0.6282336622348987,0.44589808702919986,0.3395677408211101,0.08195980210570632,0.29037233309525234,0.29037233309525234,0.32589356615648774,84,7
2025-05-30,2025-07-24,2025-07-25,2025-08-21,277058,0.43565879269885516,0.434890029347708,0.4346317151928654,0.39333411736030927,0.3884146198000065,0.0021190637122006604,0.9638188718703524,0.9706249629555417,0.3893972079526678,0.03532236307213466,0.6410640061788588,0.4369836398838704,0.38533585519079383,0.07662755244934924,0.29525672553514437,0.29525672553514437,0.37223841410277214,84,8
2025-06-08,2025-08-02,2025-08-03,2025-08-30,277051,0.46068829883569573,0.4593188884454235,0.4591337359709117,0.4142753367289909,0.4087484087814279,0.0023714816628387196,0.960200583623761,0.9628696987601618,0.40991624278936034,0.031959871625542986,0.6383188434397772,0.4622439047152469,0.4046972086209763,0.07456652971912123,0.3039430348559482,0.3039430348559482,0.391236668991428,84,9
2025-06-30,2025-08-24,2025-08-25,2025-09-21,276415,0.4512202545685709,0.4509604163711093,0.4510020340918576,0.403967855791425,0.3987841219270326,0.003096820222885696,0.9541792222606985,0.9704128541637494,0.40226292126662877,0.033601526564787744,0.6442954279988625,0.4644553666405693,0.3967908682854243,0.07631327022271794,0.30444692299958087,0.30444692299958087,0.383422550972669,84,10
2025-07-03,2025-08-27,2025-08-28,2025-09-24,276228,0.4511191878941263,0.4509484328702267,0.4509439224033935,0.40292801066227385,0.39773411387505275,0.0034245204924712364,0.9532159508133013,0.9691944231206983,0.40028630031463064,0.032332652938753585,0.6559392444402977,0.44384664598843027,0.3968840747601395,0.07608528860676193,0.30814471309644537,0.30814471309644537,0.38264499246635053,84,11
2025-07-19,2025-09-12,2025-09-13,2025-10-10,273970,0.4510982328906181,0.450988556791453,0.4509560435745813,0.404371723913192,0.3997460455345136,0.0035643456817493428,0.9539282659230528,0.9607090279039378,0.4016304300984679,0.031385161253280065,0.6443447546820277,0.4679456689746494,0.39859086079239775,0.07717281348213571,0.3037649622559945,0.3037649622559945,0.3851256318394079,84,12
2025-07-30,2025-09-23,2025-09-24,2025-10-21,269192,0.44501287404587925,0.445694023684977,0.44579424048437705,0.40042869663899466,0.3965103084703395,0.003680268409442129,0.9558456035615153,0.9676671541414577,0.3991261042922481,0.03216884820503543,0.6445027263622268,0.44492077524696144,0.3969355418067716,0.0776222082629808,0.30739890124206276,0.30739890124206276,0.3818744485427571,84,13
2025-01-15,2025-03-31,2025-04-01,2025-05-08,367652,0.3752044619172117,0.37518816735312666,0.3751967940213446,0.32779234136542673,0.32401262471001907,0.0028515246593437257,0.9584562129900739,0.9402208897291817,0.3259961653916628,0.0379122744192499,0.6380206838185514,0.44872084977641613,0.32737728627226764,0.07809524739952431,0.30396887943545814,0.30396887943545814,0.3154675356585695,114,0
2025-01-26,2025-04-11,2025-04-12,2025-05-19,369269,0.37965992958646955,0.3796091765356881,0.3795867309626055,0.33302884737157656,0.32874975675024415,0.002963325491043204,0.9569898740292724,0.9523516917857013,0.3301071886470344,0.035838040260361484,0.6293443203561973,0.43439773596285236,0.33149217535092934,0.07971416836800056,0.2992077308672979,0.2992077308672979,0.31803240003830774,114,1
2025-01-27,2025-04-12,2025-04-13,2025-05-20,369408,0.38050138793398014,0.3804204373510525,0.380397397127343,0.33360855435006853,0.32934791471048686,0.0029442376389337247,0.9569766086335528,0.9513991172533832,0.33115413651051345,0.035683695852326384,0.6311498810027752,0.4239117793905618,0.33213017502392544,0.0796333601697212,0.29756019534391814,0.29756019534391814,0.320605059184457,114,2
2025-01-31,2025-04-16,2025-04-17,2025-05-24,369947,0.37943553985560646,0.3794260415562385,0.3794079480229437,0.3313884084607689,0.3271223503401172,0.003189542947772064,0.9554273001686212,0.9565891270662916,0.32868212440528227,0.03835952109566587,0.640423149616642,0.4559293245881844,0.3302752681393218,0.07923547206198649,0.3003226727972845,0.3003226727972845,0.31686810227182044,114,3
2025-02-07,2025-04-23,2025-04-24,2025-05-31,370836,0.38377960156931595,0.38374145502422347,0.383671052091093,0.33435760224866523,0.33003004487460513,0.003157389486714726,0.9540672538065862,0.9567300301465989,0.3313687707709048,0.037151898448897935,0.6441330808294924,0.4534746095519067,0.3343169264346262,0.07210037731400905,0.3004576955813808,0.3004576955813808,0.31986944667788586,114,4
2025-02-09,2025-04-25,2025-04-26,2025-06-02,371069,0.3837886968520332,0.38375980589652336,0.3836838191270071,0.3351327433112726,0.3306946069438941,0.003274384636247575,0.9534974648348101,0.9557968840702357,0.33184694192021635,0.037416319021969284,0.6396069600597154,0.4535036947181099,0.33399660334121417,0.0789676202316836,0.2978017508800841,0.2978017508800841,0.3199516317287609,114,5
2025-03-01,2025-05-15,2025-05-16,2025-06-22,372960,0.39586506103868946,0.3956209529222434,0.3955009495048653,0.35032646171541965,0.3458847576690258,0.005722651374817067,0.9538829071996823,0.9529187278547165,0.3470014524055246,0.03992657567130603,0.6348813396065316,0.4175410473401949,0.34840776724536865,0.08192678878210731,0.29102976127357233,0.29102976127357233,0.33489235293085384,114,6
2025-04-08,2025-06-22,2025-06-23,2025-07-30,375041,0.41256807564052156,0.41209771144466484,0.4120320694217695,0.36821127030245243,0.36272731239597245,0.003402034500234019,0.950668860366147,0.9550402683106783,0.3630289972107621,0.03949940349151848,0.6425001971053723,0.45147138175712,0.3630777980152536,0.07903914197911675,0.2968122049082409,0.2968122049082409,0.35065636288439583,114,7
2025-05-18,2025-08-01,2025-08-02,2025-09-08,375905,0.4532962879042068,0.4520415843621042,0.45190580831626515,0.40595930410229164,0.3980574924887043,0.0057970976260523135,0.93189250993846,0.9409469782532387,0.3979527638190484,0.0340871546893913,0.6450171022603387,0.44475907712168417,0.3982724926315906,0.0770078255343332,0.29900750845689666,0.29900750845689666,0.3854005587849101,114,8
2025-06-27,2025-09-10,2025-09-11,2025-10-18,369571,0.453267512805464,0.45328767131331954,0.4534210905936847,0.40616465540187086,0.399204958079048,0.009357911193011227,0.9214284391556457,0.924654740718895,0.40024566741163814,0.03295411484011943,0.642825781683937,0.44113414863602257,0.4017960024689252,0.0770975179056512,0.30096880894153777,0.30096880894153777,0.38669616891454406,114,9
2025-01-19,2025-04-30,2025-05-01,2025-06-20,499480,0.388630850834203,0.38835009141286536,0.38831282611254897,0.34185782342114085,0.33585061228194407,0.00632439158526997,0.932118590823095,0.9259810321179056,0.3355383850484048,0.035854781691988545,0.6460917871948285,0.431924764880949,0.34007633428330347,0.07950465902765037,0.29912959980460324,0.29912959980460324,0.32531261124624133,153,0
2025-01-26,2025-05-07,2025-05-08,2025-06-27,500258,0.3942814489004905,0.3939169822820013,0.3938428542068996,0.34676760362472003,0.3407849091264236,0.007021413843317394,0.9287149254178778,0.9270743054208983,0.3387143782634511,0.019814482670619353,0.657351833634648,0.3784534710974469,0.3453918522122877,0.07992484086602139,0.2968107124686366,0.2968107124686366,0.3305132433081204,153,1
2025-02-05,2025-05-17,2025-05-18,2025-07-07,501215,0.40108292706535337,0.4006615258529763,0.40057179529674225,0.35380242362547276,0.3472938536040487,0.007534638485446588,0.9251883249484881,0.9253144747606638,0.35310284249970314,0.04326307737974422,0.8368669782264282,0.6624056826480824,0.351239120786499,0.08035485536286188,0.29489154762732944,0.29489154762732944,0.33727952048980336,153,2
2025-02-18,2025-05-30,2025-05-31,2025-07-20,502249,0.40520278035834184,0.40469251083591395,0.4046665345792382,0.3603585597215006,0.35332101640905167,0.008198842697708621,0.9224649320885849,0.922502514752635,0.3535701943889668,0.03878236278758274,0.6438774661286102,0.4561629213373072,0.3564844421946952,0.08097561275603839,0.2931017753202341,0.2931017753202341,0.3428389364718129,153,3
2025-02-25,2025-06-06,2025-06-07,2025-07-27,502722,0.4067634701935853,0.4062404595362193,0.4061956389360944,0.36349938962416434,0.3561019788717524,0.007916905827978318,0.9237702503734173,0.9248210646371106,0.35554555421468614,0.03941592310540555,0.6412608609184854,0.42617699878740645,0.3585213403232937,0.0814228255094443,0.29166195312015625,0.29166195312015625,0.34545402262964203,153,4
2025-03-04,2025-06-13,2025-06-14,2025-08-03,503181,0.40935690912046446,0.40876646323249805,0.4087283872742183,0.36598390042938966,0.3584057616849376,0.008076818294463188,0.9235513726216675,0.9196498670787419,0.3576556786049041,0.036924628556001184,0.6081256367190481,0.4199100294130881,0.3608818842231955,0.08027781561999313,0.292073904944549,0.292073904944549,0.34916091148683337,153,5
2025-03-09,2025-06-18,2025-06-19,2025-08-08,503468,0.4132767611792623,0.4126217220766268,0.41257365737387136,0.3699507502542916,0.3621138979307912,0.00829835243411782,0.9232925431026561,0.9256273307040227,0.3612746329003038,0.03989345586378695,0.6473493851146694,0.4705081580079371,0.3640598314200205,0.08063546023767873,0.2947547543025726,0.2947547543025726,0.35191991584896154,153,6
2025-05-01,2025-08-10,2025-08-11,2025-09-30,503226,0.4598187070816054,0.45794437793119974,0.4578976722875332,0.4100954694026655,0.4003521910194262,0.011561059647027165,0.9021344539542554,0.908993739056032,0.3997683909897617,0.03443061815155939,0.6480226846418592,0.42722403498925643,0.40270922920851504,0.07768036487545939,0.29805915997939847,0.29805915997939847,0.3886889511864563,153,7
2025-01-16,2025-05-27,2025-05-28,2025-08-01,650339,0.4056065002871314,0.4048201594752869,0.40479902968482323,0.36261142977135397,0.3541601164300092,0.011192628511140714,0.9068024628135717,0.8986243654807348,0.35307828285224047,0.03667056788319943,0.642515642987662,0.43631513575836606,0.3568481661067512,0.08025133269326964,0.29843406267447914,0.29843406267447914,0.3452439702465743,198,0
2025-02-06,2025-06-17,2025-06-18,2025-08-22,651855,0.42373701088891347,0.42234835825853334,0.42230691762329575,0.3810666537261107,0.37072452776561676,0.012626335476056008,0.8996327808777371,0.8994666241710446,0.368541514587071,0.03825449871426611,0.6595237045173024,0.47355630074089483,0.3723066923744986,0.07957034758077132,0.2966844976830792,0.2966844976830792,0.35933685214475514,198,1
2025-02-18,2025-06-29,2025-06-30,2025-09-03,652385,0.43422852633576403,0.43240115789808864,0.4323605447546024,0.3928888871137475,0.38167182966703034,0.012617400145265915,0.8986159907031344,0.8978076712698582,0.3779939884052049,0.03711178134462465,0.6494080502517608,0.445291206900699,0.3818253603486425,0.07971563417237712,0.29546925625261505,0.29546925625261505,0.36923474739815443,198,2
2025-03-07,2025-07-16,2025-07-17,2025-09-20,652366,0.442807759247664,0.4408549642982566,0.4407794816106601,0.3984472920133419,0.38759380862332476,0.012631288622456806,0.8972863343649659,0.9001107483484679,0.38452239441192904,0.036878644313604,0.6497345936118636,0.45108274381232827,0.38872996495750584,0.08001234728344311,0.29543672045196917,0.29543672045196917,0.3757558926807293,198,3
2025-03-14,2025-07-23,2025-07-24,2025-09-27,651953,0.4474026643271515,0.44532464989909254,0.44522998272565556,0.40221963007908607,0.39117856812041096,0.013415403709461357,0.8931563918519009,0.8962595666025767,0.38920725494072295,0.037244181656941086,0.6503604191776625,0.463861710902317,0.39297811716714015,0.08008527143753805,0.2939795862493823,0.2939795862493823,0.37963400014400245,198,4
2025-04-03,2025-08-12,2025-08-13,2025-10-17,647048,0.4566684304777581,0.45477447629895495,0.4547579956801363,0.4096134177362513,0.39892075335720206,0.013808297919338035,0.8859391882048023,0.892500933638161,0.39703268693446153,0.036792665433991845,0.6556315549708156,0.4722278649820992,0.40144526915566137,0.07849311679463075,0.2983646677842429,0.2983646677842429,0.3874487587841957,198,5
